assignee_name,assignee_cc,n
APPLE INC,US,34413
MICROSOFT TECHNOLOGY LICENSING LLC,US,23505
GOOGLE LLC,US,14417
MICROSOFT CORP,US,13304
GOOGLE INC,US,10815
AMAZON TECH INC,US,5964
NVIDIA CORP,US,5802
BROADCOM CORP,US,4874
FACEBOOK INC,US,4774
META PLATFORMS TECH LLC,US,2020
FACEBOOK TECH LLC,US,1413
AVAGO TECHNOLOGIES GENERAL IP,SG,872
AVAGO TECH INT SALES PTE LID,SG,736
META PLATFORMS INC,US,584
TESLA INC,US,580
Google Technology Holdings LLC,US,479
TESLA MOTORS INC,US,309
GOOGLE INC,,204
AVAGO TECHNOLOGIES WIRELESS IP,SG,88
AVAGO TECH FIBER IP SG PTE LTD,SG,86
AVAGO TECH ECBU IP SG PTE LTD,SG,64
BROADCOM CORP,,38
MICROSOFT TECH LICENSING LLC,US,35
APPLE INC,,34
FACEBOOK TECHNOLOGIES LLC,US,33
AVAGO TECH ECBU IP SG PTE LTD,US,27
MICROSOFT TECHNOLOGY LICENSING LLC,,26
ALPHABET ENERGY INC,US,25
TESLA NANOCOATINGS INC,US,22
AVAGO TECHNOLOGIES ENTPR IP SINGAPORE PTE LTD,SG,21
GOOGLE LLC,,20
AVAGO TECHNOLOGIES ECBU SINGAPORE PTE LTD,US,18
BROADCOM EUROPE LTD,GB,15
TESLA LABORATORIES LLC,US,15
AMAZON COM INC,US,14
MICROSOFT TECHNOLOGY LICENSING,US,14
BROADCOM INT PTE LTD,SG,13
MICROSOFT CORP,,13
NVIDIA TECHNOLOGY UK LTD,GB,13
AVAGO TECHNOLOGIES GENERAL IP,,12
AVAGO TECH INTERNATIONAL SALES PTE LTD,SG,11
Tesla Motors Canada ULC,CA,10
TESLA ENGINEERING LTD,GB,10
C O MICROSOFT CORP,US,10
FACEBOOK INC,,10
AMAZON TECH INC,,9
TESLA MEDICAL S R O,CZ,9
GOOGLE INC A DELAWARE CORP,,9
TESLA BIOHEALING INC,US,8
APPLE COMPUTER,US,8
MICROSOFT TECH LICENSING,US,8
GOOGLE LLC,CA,8
ALPHABET COMMUNICATIONS INC,CA,7
BROADCOM INNOVISION LTD,GB,7
PTE LTD AVAGO TECHNOLOGIES GENERAL IP SINGAPORE,US,7
AVAGO TECH INTERNATIONAL SALES PTE LIMITED,SG,6
APPLE COMPUTER,,6
APPLE INC A CALIFORNIA CORP,,6
APPLE INC,CA,6
FACEBOOK INC A DELAWARE CORP,US,6
NVIDIA,US,5
MICROSOFT INT HOLDINGS BV,NL,5
FACEBOOK INC,CA,5
AVAGO TECHNOLOGIES GENERAL IP,US,5
GOOGLE INC A CALIFORNIA CORP,,5
MICROSOFT CORPORTION,US,5
BROADCOM COPORATION,US,5
MICROSOFT TECH LICESNING LLC,US,5
NVIDIA CORP,,5
Tesla Dynamic Coils BV,NL,5
MICROSOFT COPORATION,US,5
GEN IP SINGAPORE PTE LTD AVAGO TECHNOLOGIES,US,4
TESLA GROHMANN AUTOMATION GMBH,DE,4
AVAGO TECHNOLOGIES GENERAL LP SINGAPORE PTE LTD,SG,4
C O FACEBOOK INC,US,4
MICROSOFT MICROSOFT TECHNOLOGY LICENSING LLC,US,4
AVAGO TECHNOLOGIES ECBU SINGAP,US,4
MICROSOFT TECHNOLGY LICENSING LLC,US,4
SINGAPORE PTE LTD AVAGO TECHNOLOGIES GENERAL IP,US,4
C/O MICROSOFT TECH LICENSING LLC,US,4
LTD AVAGO TECHNOLOGIES GENERAL IP SINGAPORE PTE,US,4
AVAGO TECHNOLOGIES LTD,US,4
TECHNOLOGIES GENERAL IP SINGAPORE PTE LTD AVAGO,US,4
ONE MICROSOFT WAY,US,3
TESLA MARLON J,US,3
Facebook,US,3
Tesla Automation GmbH,DE,3
MICROSOFT CORPRATION,US,3
DENG ZHIPIN APPLE,CN,3
BROADCOM CORPORATON,US,3
BROADCOM CORPORTION,US,3
c/o Google LLC,US,3
ALPHABET 1 LLC M,US,3
NVIDIA CORPORTION,US,3
GOOGLE,US,3
MICROSOFT LICENSING TECH LLC,US,3
BROADCOM INNOVISION LTD,US,3
AVAGO TECH INTEMATIONAL SALES PTE LIMITED,SG,3
MICROSOFT TECH LICENSING LLP,US,3
AVAGO TECH GENERAL IP SINGAPORE PTD LTD,SG,3
MICROSOFT TECH LICENSING INC,US,3
BROADCOM CORP IRVINE CA,,3
AVAGO TECH INTERNATIONAL SALES PTE LIMITE,SG,3
MICROSOFT CORPORAION,US,2
TESLA SUBSEA INC,US,2
TESLA CONTROLS CORP,US,2
AVAGO TECH ECBU IP SG PTE LTD,,2
Broadcom Coproration,US,2
GOOGLE INC A CA CORP,,2
MICROSOFT TECH LICENCING LLC,US,2
MICROSOFT CORPOATION,US,2
MICROSOFT HOLDINGS INTERNAT B V,NL,2
NVIDIA CORPORARTION,US,2
Meta Platforms Technolgies LLC,US,2
AVAGO TECNOLOGIES INTERNATIONAL SALES PTE LTD,SG,2
APPLE,US,2
AMAZON TECHOLOGIES INC,US,2
MICROSOFT TECH LICNESING LLC,US,2
MICROSOFT CORPORTAION,US,2
AVAGO TECH GENERAL IP(SINGAPORE) PTE LTD,SG,2
MICROSOFT TECH CORP,US,2
MICROSOFT TECHNOLOY LICENSING LLC,US,2
TESLA HEALTH INC,US,2
APPLE LNC,US,2
MICROSOFT TECH LICESNSING LLC,US,2
NVIDIA CORP,CA,2
AVAGO TECH INT SALES PTE LID,,2
AVAGO TECH INTERNATIONAL SALES PTD LIMITED,SG,2
BROADCOM CORP,CA,2
APPLE HOWARD P,US,2
MICROSOFT TECHNOLOGY LICENSING LLP,US,2
AMAZON TECHNOLOGEIS INC,US,2
MICROSOFT TECHNOLOGY LINCENSING LLC,US,2
AVAGO TECH GERNERAL IP (SINGAPORE) PTE LTD,SG,2
Apple Incl,US,2
M ALPHABET 1 LLC,US,2
GOOGLE LLE,US,2
Microsoft Coropration,US,2
ALPHABET 2 L L C M,US,2
MICROSOFT TECH LICENSING LLC REDMOND WA,,1
MICROSOFT TECHNOLGOY LICENSING LLC,US,1
C/O GOOGLE TECH HOLDINGS,US,1
MICROSOFT TEHCNOLOGY LICENSING LLC,US,1
APPLE JACK 199 L P,US,1
APPLE JAMES R,US,1
AVAGO TECHNOLOGIES ENERPRISE IP SINGAPORE PTE LTD,SG,1
Microsoft Coprporation,US,1
GOOGLE TECH HOLDING LLC,US,1
AVAGO TECH INTERNATIONAL SALES PTE LIMITE,,1
TESLA LNC,US,1
AMAZON WATER INC,KY,1
C/O NVIDIA CORP,US,1
MICROSOFT TECH LIENSING LLC,US,1
Tesla Wireless Company LLC,US,1
ALPHABET 3 L L C M,US,1
FACEBOOK TECH LLC,CN,1
HERE APPLE INC,US,1
DEEP APPLE THERAPEUTICS INC,US,1
GOOGLE INC,CH,1
Google Technolgy Holdings LLC,US,1
MICROSOFT ISRAEL RES AND DEV (2002) LTD,IL,1
MICROSOFT CORPROATION,US,1
MICROSOFT TECHNOLOGY LlCENSING LLC,US,1
AMAZON BIOGUARD LTD,GB,1
GOOGLE INC,CA,1
One Apple Park Way,US,1
MICROSOFT TECHNOLOGIES LICENSING LLC,US,1
M ALPHABET 2 L L C,US,1
APPLE SCOTT D,US,1
APPLE BIOMEDICAL INC,TW,1
BROADCOM CORPROATION,US,1
MICROSOFT TECHNOLOGY LISCENSING LLC,US,1
Apple Sugar LLC,US,1
MICROSOFT TECH LICENSING LL,US,1
FACEBOOK TECHNOLGIES LLC,US,1
ALPHABET LLC M,US,1
APPLE JU STUDIO INC,TW,1
AMAZON TECH LNC,US,1
AVAGO TECH GENERAL IP SINGAPROES PTE LTD,SG,1
MICROSOFT CORPORATION MICROSOFT TECH LICENSING LLC,US,1
MICROSOFT TACHNOLOGY LICENSING LLC,US,1
MICROSOFT CORPOTATION,US,1
TESLA STUDIOS LTD,GB,1
BROADCOM CORPOTATION,US,1
MICROSOFT TECHNOLOGY LICENSING LLC,CN,1
AMAZON COM SERVICES LLC,US,1
MICROSOFT S P A,IT,1
MICROSOFT TECH LTD LLC,US,1
AVAGO TECH INTERNATIONA! SALES PTE LIMITED,SG,1
TESLA BIOHEALING LLC,US,1
APPLE TERRY JAY,US,1
AMAZON ENV PTE LTD,SG,1
BROADCOM NETWORKS SPAIN S L,ES,1
SHENZHEN WANHONG APPLE ELECTRONICSCO LTD,CN,1
AVAGO TECH INTERNATIONAL PTE LIMITED,SG,1
MICROSOFT CORPORORATION,US,1
APPLE INC 090911,US,1
MICROSOFT COROPORATION,US,1
ALPHABET INC,US,1
AVAGO TECH LTD,US,1
MICROSOFT CORP ONE MICROSOFT WAY,US,1
APPLE INLC,US,1
MICROSOFT ORGANIZATION,US,1
AVAGO TECH GENERAL IP ( SINGAPORE) PTE LTD,SG,1
META PLATFORMS INC,,1
BEIJING NANO TESLA TECH CO LTD,CN,1
APPLE COMPUTER INC A CALIFORNIA CORP,,1
MICROSOFT TECHNOLOGY LICENSING LLG,US,1
TESLA DIAGNOSTIX LTD,GB,1
MICROSOFT TECH LICENSEING LLC,US,1
APPLE GARY ELLIOT,,1
NVIDIA CORPRATION,US,1
AMAZON TECH INC,GB,1
BROADCOM INC,US,1
AVAGO TECH INTERNATIONAL,SG,1
MICROSOFT TECH LCENSING LLC,US,1
AVAGO TECHNOLOGES GENERAL IP SINGAPORE PTE LTD,SG,1
CORP MICROSOFT,US,1
MICROSOFT CORPORATON,US,1
M ALPHABET 3 LLC,US,1
FACEBOOK TECH LLC,,1
AVAGO TECH INTERNATIONAL SALES PTE LIMITE D,SG,1
MICROSOFT CORP MICROSOFT PATENT GROUP,US,1
MICROSOFT COPRORATION,US,1
AVAGO TECH GENERAL IP (SINGAPORE) PET LTD,SG,1
MICROSOFT TECH LICENSING LLLC,US,1
TESLA NANOCOTINGS INC,US,1
MAHMUD APPLE,CA,1
APPLE INE,US,1
MICROSOFT TECH LICEEEENSING LLC,US,1
APPLE BRADLEY G,US,1
MICROSOFT TECHNOLOGY LICENSING LL,,1
MICROSOFT CORPORAT,US,1
TESLA MARLON JONATHAN,US,1
FACEBOOK REALITY LABS,US,1
SCRIPOR ALPHABET S R L,RO,1
FACEBOOK LNC,US,1
AMAZON ENV PROT TECH AND EQUIPMENT PROT PTE LTD,SG,1
TESLA MOTOR INC,US,1
AMAZON DREAMS IND E COM LTDA,BR,1
AVAGO TECHNOLOGIES ECBU SINGAPORE PTE LTD,SG,1
Google LLC 1600,US,1
APPLE AARON,US,1
SHENZHEN TESLA WIRELESS DEVICE CO LTD,CN,1
AVAGO TECH INTERNATIONA LSALES PTE LIMITED,SG,1
APPLE PHD MBA HOWARD P,US,1
MICROSOFT TECHNOLOGY LICENSING INC,US,1
AVAGO TECHNOLOGIES FIBER IP PT,SG,1
Microsoft Corporartion,US,1
AVAGO TECHNOLOGIES IMAGING IP,,1
MICROSOFT TECH LICENSINT LLC,US,1
MICROSOFT CORPOARTION,US,1
AVAGO TECHNOLOGIES ENTPR IP SINGAPORE PTE L,SG,1
AVAGO TECHNOLOGIES GENERAL SINGAPORE PTE LTD,SG,1
GOOGLE ELLC,US,1
MICROSOFT TECH LINENSING LLC,US,1
MICROSOFT TECHNOLOLGY LICENSING LLC,US,1
MICROSOFT CORPORATIN,US,1
50 Apple Hill Drive,US,1
APPLE INC,BY,1
AVAGO TECHNLOGIES ECBU IP SINGAPORE PTE LTD,SG,1
DILLARD APPLE LLC,US,1
MICROSOFT TECHNLOLOGY LICENSING LLC,US,1
AVAGO TECH FIBER IP SG PTE LTD,US,1
GOOGLE INC A DELWARE CORP,,1
TESLA UV DECONTAMINATION SYSTEMS PTY LTD,AU,1
C O MICROSOFT TECHNOLOGY LICENSING LLC,US,1
Amazon AgroSciences LTDA,BR,1
APPLE IC,US,1
MICROSOFT CORPORTATION,US,1
MICROSOFT TECH LICEMSING LLC,US,1
APPLE PARTNERS LP,US,1
AVAGO TECH INERNATIONL SALES PTE LIMITED,SG,1
AMAZON FILTERS SPOLKA Z O O,PL,1
BROADCOM CORPRATION,US,1
META PLATFORMS TECH LLC,,1
MICROSOFT CORP INC,US,1
MICROSOFT MICROSOFT TECH LICENSING LLC,US,1
C O GOOGLE INC,US,1
MICROSOFT T ECHNOTOGY LICENSING LLC,US,1
APPLE T CO LTD,KR,1
MICROSOFT LICENSING TECHNOLOGY LLC,US,1
APPLE CHAD CURTIS,US,1
AMAZON WERKE H DREYER SE & CO KG,DE,1
GOOGLE INCORPORATED,US,1
APPLE ROBERT B,,1
APPLE INC A DELAWARE CORP,,1
APPLE ELECTRIC CAR INC,US,1
FACEBOOK TECH INC,US,1
MICROSOFT TECHNLOGY LICENSING LLC,US,1
Google Technology Holdings LLP,US,1
APPLE ROBERT E,,1
BROADCOM ISRAEL RES INC,IL,1
APPLE JASON K,,1
GOOGLE TECHNOLOBY HOLDINGS LLC,US,1
SINGAPORE PTE LTD AVAGO TECHNOLOGIES GENERAL LP,US,1
LTD AVAGO TECHNOLOGIES GENERAL IP SINGAPORE PTE,SG,1
GOOGLE TECHNOLOGY HOLDINGS INC,US,1
MICROSOFT TECH LICENSENG LLC,US,1
TELL ME NETWORKS C O MICROSOFT CORP,US,1
AVAGO TECH INTERNATIONAL SALES PTE LIMTED,SG,1
AVAGO TECHNOLOGIES WIRESESS IP SINGAPORE PTE LTD,SG,1
SINGAPORE PTE LTD AVAGO TECHNOLOGIES GENERAL IP,SG,1
