parent_company,ticker,assignee_name,effective_from,effective_to,date_basis,note
AGILENT TECHNOLOGIES INC,A,AGILENT TECHNOLOGIES INC,,,,[T1_EXACT]
APPLE INC,AAPL,APPLE,,,,[CURATED8]
APPLE INC,AAPL,APPLE COMPUTER,,,,[CURATED8]
APPLE INC,AAPL,APPLE COMPUTER INC A CALIFORNIA CORP,,,,[CURATED8]
APPLE INC,AAPL,APPLE IC,,,,[CURATED8]
APPLE INC,AAPL,APPLE INC,,,,[CURATED8]
APPLE INC,AAPL,APPLE INC 090911,,,,[CURATED8]
APPLE INC,AAPL,APPLE INC A CALIFORNIA CORP,,,,[CURATED8]
APPLE INC,AAPL,APPLE INC A DELAWARE CORP,,,,[CURATED8]
APPLE INC,AAPL,APPLE INE,,,,[CURATED8]
APPLE INC,AAPL,APPLE INLC,,,,[CURATED8]
APPLE INC,AAPL,APPLE LNC,,,,[CURATED8]
APPLE INC,AAPL,Apple Incl,,,,[CURATED8]
ABBVIE INC,ABBV,ABBVIE BV,,,,[T1_EXACT]
ABBVIE INC,ABBV,ABBVIE INC,,,,[T1_EXACT]
ABBVIE INC,ABBV,ABBVIE SARL,,,,[T1_EXACT]
ADVISORY BOARD CO,ABCO,THE ADVISORY BOARD COMPANY,,,,[T1_EXACT]
AIRBNB INC,ABNB,AIRBNB INC,,,,[T1_EXACT]
ADOBE SYSTEMS INC,ADBE,ADOBE INC,,,,[MANUAL]
ADOBE SYSTEMS INC,ADBE,ADOBE SYSTEMS INC,,,,[T1_EXACT]
AUTODESK INC,ADSK,AUTODESK INC,,,,[T1_EXACT]
AFLAC INC,AFL,AMERICAN FAMILY LIFE ASSURANCE COMPANY OF COLUMBUS,,,,[MANUAL]
ALCON INC,ALC,ALCON INC,,,,[T1_EXACT]
ALIGN TECHNOLOGY INC,ALGN,ALIGN TECHNOLOGY INC,,,,[T1_EXACT]
ALTAIR ENGINEERING INC,ALTR,ALTAIR ENG INC,,,,[MANUAL]
ALCATEL LUCENT,ALU,ALCATEL LUCENT,,,,[T1_EXACT]
APPLIED MATERIALS INC,AMAT,APPLIED MATERIALS INC,,,,[T1_EXACT]
ADVANCED MICRO DEVICES INC,AMD,ADVANCED MICRO DEVICES INC,,,,[T1_EXACT]
AMGEN INC,AMGN,AMGEN,,,,[T1_EXACT]
AMGEN INC,AMGN,AMGEN INC,,,,[T1_EXACT]
AMERICAN SUPERCONDUCTOR CORP,AMSC,AMERICAN SUPERCONDUCTOR CORP,,,,[T1_EXACT]
AMAZON COM INC,AMZN,AMAZON COM INC,,,,[CURATED8]
AMAZON COM INC,AMZN,AMAZON COM SERVICES LLC,,,,[CURATED8]
AMAZON COM INC,AMZN,AMAZON TECH INC,,,,[CURATED8]
AMAZON COM INC,AMZN,AMAZON TECH LNC,,,,[CURATED8]
AMAZON COM INC,AMZN,AMAZON TECHNOLOGEIS INC,,,,[CURATED8]
AMAZON COM INC,AMZN,AMAZON TECHOLOGIES INC,,,,[CURATED8]
ANSYS INC,ANSS,ANSYS INC,,,,[T1_EXACT]
ANTHEM INC,ANTM,ANTHEM INC,,,,[T1_EXACT]
ANTHEM INC,ANTM,ELEVANCE HEALTH INC,,,,[T1_EXACT]
ANTHEM INC,ANTM,WELLPOINT INC,,,,[T1_EXACT]
APTIV PLC,APTV,DELPHI INT OPERATIONS LUXEMBOURG SARL,,,,[MANUAL]
APTIV PLC,APTV,DELPHI TECH INC,,,,[MANUAL]
APTIV PLC,APTV,DELPHI TECH IP LTD,,,,[MANUAL]
APTIV PLC,APTV,DELPHI TECH LLC,,,,[MANUAL]
ADVANTEST CORP,ATE,ADVANTEST CORP,,,,[T1_EXACT]
ATMEL CORP,ATML,ATMEL CORP,,,,[T1_EXACT]
BROADCOM INC,AVGO,AVAGO TECH ECBU IP SG PTE LTD,,,,[CURATED8]
BROADCOM INC,AVGO,AVAGO TECH FIBER IP SG PTE LTD,,,,[CURATED8]
BROADCOM INC,AVGO,AVAGO TECH GENERAL IP ( SINGAPORE) PTE LTD,,,,[CURATED8]
BROADCOM INC,AVGO,AVAGO TECH GENERAL IP (SINGAPORE) PET LTD,,,,[CURATED8]
BROADCOM INC,AVGO,AVAGO TECH GENERAL IP SINGAPORE PTD LTD,,,,[CURATED8]
BROADCOM INC,AVGO,AVAGO TECH GENERAL IP SINGAPROES PTE LTD,,,,[CURATED8]
BROADCOM INC,AVGO,AVAGO TECH GENERAL IP(SINGAPORE) PTE LTD,,,,[CURATED8]
BROADCOM INC,AVGO,AVAGO TECH GERNERAL IP (SINGAPORE) PTE LTD,,,,[CURATED8]
BROADCOM INC,AVGO,AVAGO TECH INERNATIONL SALES PTE LIMITED,,,,[CURATED8]
BROADCOM INC,AVGO,AVAGO TECH INT SALES PTE LID,,,,[CURATED8]
BROADCOM INC,AVGO,AVAGO TECH INTEMATIONAL SALES PTE LIMITED,,,,[CURATED8]
BROADCOM INC,AVGO,AVAGO TECH INTERNATIONA LSALES PTE LIMITED,,,,[CURATED8]
BROADCOM INC,AVGO,AVAGO TECH INTERNATIONA! SALES PTE LIMITED,,,,[CURATED8]
BROADCOM INC,AVGO,AVAGO TECH INTERNATIONAL,,,,[CURATED8]
BROADCOM INC,AVGO,AVAGO TECH INTERNATIONAL PTE LIMITED,,,,[CURATED8]
BROADCOM INC,AVGO,AVAGO TECH INTERNATIONAL SALES PTD LIMITED,,,,[CURATED8]
BROADCOM INC,AVGO,AVAGO TECH INTERNATIONAL SALES PTE LIMITE,,,,[CURATED8]
BROADCOM INC,AVGO,AVAGO TECH INTERNATIONAL SALES PTE LIMITE D,,,,[CURATED8]
BROADCOM INC,AVGO,AVAGO TECH INTERNATIONAL SALES PTE LIMITED,,,,[CURATED8]
BROADCOM INC,AVGO,AVAGO TECH INTERNATIONAL SALES PTE LIMTED,,,,[CURATED8]
BROADCOM INC,AVGO,AVAGO TECH INTERNATIONAL SALES PTE LTD,,,,[CURATED8]
BROADCOM INC,AVGO,AVAGO TECH LTD,,,,[CURATED8]
BROADCOM INC,AVGO,AVAGO TECHNLOGIES ECBU IP SINGAPORE PTE LTD,,,,[CURATED8]
BROADCOM INC,AVGO,AVAGO TECHNOLOGES GENERAL IP SINGAPORE PTE LTD,,,,[CURATED8]
BROADCOM INC,AVGO,AVAGO TECHNOLOGIES ECBU SINGAP,,,,[CURATED8]
BROADCOM INC,AVGO,AVAGO TECHNOLOGIES ECBU SINGAPORE PTE LTD,,,,[CURATED8]
BROADCOM INC,AVGO,AVAGO TECHNOLOGIES ENERPRISE IP SINGAPORE PTE LTD,,,,[CURATED8]
BROADCOM INC,AVGO,AVAGO TECHNOLOGIES ENTPR IP SINGAPORE PTE L,,,,[CURATED8]
BROADCOM INC,AVGO,AVAGO TECHNOLOGIES ENTPR IP SINGAPORE PTE LTD,,,,[CURATED8]
BROADCOM INC,AVGO,AVAGO TECHNOLOGIES FIBER IP PT,,,,[CURATED8]
BROADCOM INC,AVGO,AVAGO TECHNOLOGIES GENERAL IP,,,,[CURATED8]
BROADCOM INC,AVGO,AVAGO TECHNOLOGIES GENERAL LP SINGAPORE PTE LTD,,,,[CURATED8]
BROADCOM INC,AVGO,AVAGO TECHNOLOGIES GENERAL SINGAPORE PTE LTD,,,,[CURATED8]
BROADCOM INC,AVGO,AVAGO TECHNOLOGIES IMAGING IP,,,,[CURATED8]
BROADCOM INC,AVGO,AVAGO TECHNOLOGIES LTD,,,,[CURATED8]
BROADCOM INC,AVGO,AVAGO TECHNOLOGIES WIRELESS IP,,,,[CURATED8]
BROADCOM INC,AVGO,AVAGO TECHNOLOGIES WIRESESS IP SINGAPORE PTE LTD,,,,[CURATED8]
BROADCOM INC,AVGO,AVAGO TECNOLOGIES INTERNATIONAL SALES PTE LTD,,,,[CURATED8]
BROADCOM INC,AVGO,BROADCOM INC,2016-02-01,,crsp_delist_month,舊博通 BRCM 於 CRSP 最後交易月 201601 後被 Avago 收購 新公司沿用 Broadcom 名稱 併購後歸新公司 [CURATED8]
BROADCOM INC,AVGO,GEN IP SINGAPORE PTE LTD AVAGO TECHNOLOGIES,,,,[CURATED8]
BROADCOM INC,AVGO,LTD AVAGO TECHNOLOGIES GENERAL IP SINGAPORE PTE,,,,[CURATED8]
BROADCOM INC,AVGO,PTE LTD AVAGO TECHNOLOGIES GENERAL IP SINGAPORE,,,,[CURATED8]
BROADCOM INC,AVGO,SINGAPORE PTE LTD AVAGO TECHNOLOGIES GENERAL IP,,,,[CURATED8]
BROADCOM INC,AVGO,SINGAPORE PTE LTD AVAGO TECHNOLOGIES GENERAL LP,,,,[CURATED8]
BROADCOM INC,AVGO,TECHNOLOGIES GENERAL IP SINGAPORE PTE LTD AVAGO,,,,[CURATED8]
AWARE INC,AWRE,AWARE INC,,,,[T1_EXACT]
ASTRAZENECA PLC,AZN,ASTRAZENECA AB,,,,[T1_EXACT]
BOEING CO,BA,BOEING CO,,,,[T1_EXACT]
BOEING CO,BA,BOEING CORP,,,,[T1_EXACT]
BOEING CO,BA,THE BOEING COMPANY,,,,[T1_EXACT]
BLACKBERRY LTD,BB,BLACKBERRY LTD,,,,[T1_EXACT]
BLACKBERRY LTD,BB,RESEARCH IN MOTION,,,,[T1_EXACT]
BLACKBERRY LTD,BB,RESEARCH IN MOTION CORP,,,,[T1_EXACT]
BLACKBERRY LTD,BB,RESEARCH IN MOTION LTD,,,,[T1_EXACT]
BANCO BILBAO VIZCAYA ARGENTARIA,BBVA,BANCO BILBAO VIZCAYA ARGENTARIA SA,,,,[T1_EXACT]
BRUNSWICK CORP,BC,BRUNSWICK CORP,,,,[T1_EXACT]
BAKER HUGHES INC,BHI,BAKER HUGHES CORP,,,,[T1_EXACT]
BAKER HUGHES INC,BHI,BAKER HUGHES HOLDINGS LLC,,,,[T1_EXACT]
BAKER HUGHES INC,BHI,BAKER HUGHES INC,,,,[T1_EXACT]
BIOGEN INC,BIIB,BIOGEN INC,,,,[T1_EXACT]
BANK OF NEW YORK MELLON CORP,BK,BANK OF NEW YORK MELLON,,,,[T1_EXACT]
BANK OF NEW YORK MELLON CORP,BK,BANK OF NEW YORK MELLON CORP,,,,[T1_EXACT]
BLACKROCK INC,BLK,BLACKROCK INC,,,,[T1_EXACT]
BRADY CORP,BRC,BRADY WORLDWIDE INC,,,,[MANUAL]
BROADCOM CORP,BRCM,BROADCOM CORP,,2016-01-31,crsp_delist_month,舊博通 BRCM 於 CRSP 最後交易月 201601 後被 Avago 收購 新公司沿用 Broadcom 名稱 併購前歸舊公司 [T1_EXACT]
BROADCOM CORP,BRCM,BROADCOM INC,,2016-01-31,crsp_delist_month,舊博通 BRCM 於 CRSP 最後交易月 201601 後被 Avago 收購 新公司沿用 Broadcom 名稱 併購前歸舊公司 [CURATED8]
BOSTON SCIENTIFIC CORP,BSX,BOSTON SCIENT CORP,,,,[T1_EXACT]
BOSTON SCIENTIFIC CORP,BSX,BOSTON SCIENT CORPORATION,,,,[T1_EXACT]
BOSTON SCIENTIFIC CORP,BSX,BOSTON SCIENT LTD,,,,[T1_EXACT]
BENTLEY SYSTEMS INC,BSY,BENTLEY SYS INC,,,,[T1_EXACT]
BENTLEY SYSTEMS INC,BSY,BENTLEY SYSTEMS INC,,,,[T1_EXACT]
CACI INTERNATIONAL INC,CACI,CACI INC FED,,,,[MANUAL]
CANON INC,CAJ,CANON KK,,,,[T1_EXACT]
CABOT CORP,CBT,CABOT CORP,,,,[T1_EXACT]
C4 THERAPEUTICS INC,CCCC,C4 THERAPEUTICS INC,,,,[T1_EXACT]
CHEMOCENTRYX INC,CCXI,CHEMOCENTRYX INC,,,,[T1_EXACT]
CADENCE DESIGN SYSTEMS INC,CDNS,CADENCE DESIGN SYSTEMS INC,,,,[T1_EXACT]
CODEXIS INC,CDXS,CODEXIS INC,,,,[T1_EXACT]
CANCER GENETICS INC,CGIX,CANCER GENETICS INC,,,,[T1_EXACT]
COHERUS BIOSCIENCES INC,CHRS,COHERUS BIOSCIENCES INC,,,,[T1_EXACT]
CIENA CORP,CIEN,CIENA CORP,,,,[T1_EXACT]
CLOVIS ONCOLOGY INC,CLVS,CLOVIS ONCOLOGY INC,,,,[T1_EXACT]
CUMMINS INC,CMI,CUMMINS INC,,,,[T1_EXACT]
CUMMINS INC,CMI,CUMMINS LTD,,,,[T1_EXACT]
SALESFORCE COM INC,CRM,SALESFORCE COM,,,,[T1_EXACT]
SALESFORCE COM INC,CRM,SALESFORCE COM INC,,,,[T1_EXACT]
SALESFORCE COM INC,CRM,SALESFORCE INC,,,,[MANUAL]
CIRRUS LOGIC INC,CRUS,CIRRUS LOGIC INC,,,,[T1_EXACT]
CREDIT SUISSE GROUP,CS,CREDIT SUISSE AG,,,,[T1_EXACT]
CISCO SYSTEMS INC,CSCO,CISCO SYSTEMS INC,,,,[T1_EXACT]
CISCO SYSTEMS INC,CSCO,CISCO TECH INC,,,,[MANUAL]
CYBEROPTICS CORP,CYBE,CYBEROPTICS CORP,,,,[T1_EXACT]
DELTA AIR LINES INC,DAL,DELTA AIR LINES INC,,,,[T1_EXACT]
DANA INC,DAN,DANA AUTOMOTIVE SYSTEMS GROUP,,,,[MANUAL]
DANA INC,DAN,DANA BELGIUM NV,,,,[MANUAL]
DANA INC,DAN,DANA CANADA CORP,,,,[MANUAL]
DANA INC,DAN,DANA HEAVY VEHICLE SYS GROUP,,,,[MANUAL]
DANA INC,DAN,DANA ITALIA SRL,,,,[MANUAL]
DANA INC,DAN,DANA LLC,,,,[T1_EXACT]
DANA INC,DAN,DANA LTD,,,,[T1_EXACT]
TABLEAU SOFTWARE INC,DATA,TABLEAU SOFTWARE INC,,,,[T1_EXACT]
TABLEAU SOFTWARE INC,DATA,TABLEAU SOFTWARE LLC,,,,[T1_EXACT]
DELL INC,DELL,DELL INC,,,,[T1_EXACT]
DELL INC,DELL,DELL PRODUCTS LP,,,,[MANUAL]
DELL INC,DELL,DELL SOFTWARE INC,,,,[MANUAL]
DISCOVER FINANCIAL SERVICES,DFS,DISCOVER FINANCIAL SERVICES,,,,[T1_EXACT]
DISCOVER FINANCIAL SERVICES,DFS,DISCOVER FINANCIAL SERVICES LLC,,,,[T1_EXACT]
DOW CHEMICAL CO,DOW,DOW AGROSCIENCES LLC,,,,[MANUAL]
DOW CHEMICAL CO,DOW,DOW CHEMICAL CO,,,,[T1_EXACT]
DOW CHEMICAL CO,DOW,DOW CORNING,,,,[MANUAL]
DOW CHEMICAL CO,DOW,DOW GLOBAL TECHNOLOGIES INC,,,,[MANUAL]
DOW CHEMICAL CO,DOW,DOW GLOBAL TECHNOLOGIES LLC,,,,[MANUAL]
DOW CHEMICAL CO,DOW,DOW SILICONES CORP,,,,[MANUAL]
ELECTRONIC ARTS INC,EA,ELECTRONIC ARTS INC,,,,[T1_EXACT]
EBAY INC,EBAY,EBAY INC,,,,[T1_EXACT]
EMERGENT BIOSOLUTIONS INC,EBS,EMERGENT BIOSOLUTIONS INC,,,,[T1_EXACT]
ECOLAB INC,ECL,ECOLAB INC,,,,[T1_EXACT]
EASTMAN CHEMICAL CO,EMN,EASTMAN CHEM CO,,,,[T1_EXACT]
ERICSSON,ERIC,ERICSSON AB,,,,[T1_EXACT]
ERICSSON,ERIC,ERICSSON INC,,,,[T1_EXACT]
ELBIT SYSTEMS LTD,ESLT,ELBIT SYSTEMS LTD,,,,[T1_EXACT]
EATON CORP PLC,ETN,EATON CORP,,,,[T1_EXACT]
EATON CORP PLC,ETN,EATON GMBH,,,,[T1_EXACT]
EATON CORP PLC,ETN,EATON INTELLIGENT POWER LTD,,,,[MANUAL]
EATON CORP PLC,ETN,EATON LTD,,,,[T1_EXACT]
EATON CORP PLC,ETN,EATON SRL,,,,[T1_EXACT]
ETSY INC,ETSY,ETSY INC,,,,[T1_EXACT]
EDWARDS LIFESCIENCES CORP,EW,EDWARDS LIFESCIENCES,,,,[T1_EXACT]
EDWARDS LIFESCIENCES CORP,EW,EDWARDS LIFESCIENCES AG,,,,[T1_EXACT]
EDWARDS LIFESCIENCES CORP,EW,EDWARDS LIFESCIENCES CORP,,,,[T1_EXACT]
EDWARDS LIFESCIENCES CORP,EW,EDWARDS LIFESCIENCES LLC,,,,[T1_EXACT]
EXACT SCIENCES CORP,EXAS,EXACT SCIENCES CORP,,,,[T1_EXACT]
EXELIXIS INC,EXEL,EXELIXIS INC,,,,[T1_EXACT]
FACEBOOK INC,FB,C O FACEBOOK INC,,,,[CURATED8]
FACEBOOK INC,FB,FACEBOOK INC,,,,[CURATED8]
FACEBOOK INC,FB,FACEBOOK INC A DELAWARE CORP,,,,[CURATED8]
FACEBOOK INC,FB,FACEBOOK LNC,,,,[CURATED8]
FACEBOOK INC,FB,FACEBOOK REALITY LABS,,,,[CURATED8]
FACEBOOK INC,FB,FACEBOOK TECH INC,,,,[CURATED8]
FACEBOOK INC,FB,FACEBOOK TECH LLC,,,,[CURATED8]
FACEBOOK INC,FB,FACEBOOK TECHNOLGIES LLC,,,,[CURATED8]
FACEBOOK INC,FB,FACEBOOK TECHNOLOGIES LLC,,,,[CURATED8]
FACEBOOK INC,FB,Facebook,,,,[CURATED8]
FACEBOOK INC,FB,META PLATFORMS INC,,,,[CURATED8]
FACEBOOK INC,FB,META PLATFORMS TECH LLC,,,,[CURATED8]
FACEBOOK INC,FB,Meta Platforms Technolgies LLC,,,,[CURATED8]
FIREEYE INC,FEYE,FIREEYE INC,,,,[T1_EXACT]
FLEX LTD,FLEX,FLEX LTD,,,,[T1_EXACT]
FLEX LTD,FLEX,FLEXTRONICS AP LLC,,,,[MANUAL]
FLEX LTD,FLEX,THE FLEX COMPANY,,,,[T1_EXACT]
FORTINET INC,FTNT,FORTINET INC,,,,[T1_EXACT]
GENERAL ELECTRIC CO,GE,GEN ELECTRIC,,,,[T1_EXACT]
GENERAL ELECTRIC CO,GE,GENERAL ELECTRIC COMPANY,,,,[T1_EXACT]
GLOBALFOUNDRIES INC,GFS,GLOBALFOUNDRIES INC,,,,[T1_EXACT]
GLOBALFOUNDRIES INC,GFS,Globalfoundries,,,,[T1_EXACT]
GILEAD SCIENCES INC,GILD,GILEAD SCIENCE INC,,,,[T1_EXACT]
GILEAD SCIENCES INC,GILD,GILEAD SCIENCES INC,,,,[T1_EXACT]
GENERAL MILLS INC,GIS,GEN MILLS INC,,,,[T1_EXACT]
CORNING INC,GLW,CORNING INC,,,,[T1_EXACT]
CORNING INC,GLW,CORNING INCORPORATED,,,,[T1_EXACT]
GENERAL MOTORS CO,GM,GEN MOTORS CORP,,,,[T1_EXACT]
GENERAL MOTORS CO,GM,GEN MOTORS LLC,,,,[T1_EXACT]
ALPHABET INC,GOOGL,ALPHABET INC,,,,[CURATED8]
ALPHABET INC,GOOGL,C O GOOGLE INC,,,,[CURATED8]
ALPHABET INC,GOOGL,GOOGLE,,,,[CURATED8]
ALPHABET INC,GOOGL,GOOGLE ELLC,,,,[CURATED8]
ALPHABET INC,GOOGL,GOOGLE INC,,,,[CURATED8]
ALPHABET INC,GOOGL,GOOGLE INC A CA CORP,,,,[CURATED8]
ALPHABET INC,GOOGL,GOOGLE INC A CALIFORNIA CORP,,,,[CURATED8]
ALPHABET INC,GOOGL,GOOGLE INC A DELAWARE CORP,,,,[CURATED8]
ALPHABET INC,GOOGL,GOOGLE INC A DELWARE CORP,,,,[CURATED8]
ALPHABET INC,GOOGL,GOOGLE INCORPORATED,,,,[CURATED8]
ALPHABET INC,GOOGL,GOOGLE LLC,,,,[CURATED8]
ALPHABET INC,GOOGL,GOOGLE LLE,,,,[CURATED8]
ALPHABET INC,GOOGL,Google LLC 1600,,,,[CURATED8]
ALPHABET INC,GOOGL,c/o Google LLC,,,,[CURATED8]
GOPRO INC,GPRO,GOPRO INC,,,,[T1_EXACT]
GLAXOSMITHKLINE PLC,GSK,GLAXOSMITHKLINE,,,,[T1_EXACT]
GLAXOSMITHKLINE PLC,GSK,GLAXOSMITHKLINE LLC,,,,[T1_EXACT]
HESS CORP,HES,HESS CORP,,,,[T1_EXACT]
HITACHI LTD,HIT,HITACHI LTD,,,,[T1_EXACT]
HARMONIC INC,HLIT,HARMONIC INC,,,,[T1_EXACT]
HOLOGIC INC,HOLX,HOLOGIC INC,,,,[T1_EXACT]
HEWLETT PACKARD ENTERPRISE CO,HPE,HEWLETT PACKARD ENTPR,,,,[T1_EXACT]
HEARTFLOW INC,HTFL,HEARTFLOW INC,,,,[T1_EXACT]
HTG MOLECULAR DIAGNOSTICS INC,HTGM,HTG MOLECULAR DIAGNOSTICS INC,,,,[T1_EXACT]
IAC INTERACTIVECORP,IAC,IAC SEARCH & MEDIA INC,,,,[MANUAL]
IDEX CORP,IEX,IDEX ASA,,,,[T1_EXACT]
INTERNET INITIATIVE JAPAN INC,IIJI,INTERNET INITIATIVE JAPAN INC,,,,[T1_EXACT]
II VI INC,IIVI,COHERENT GMBH,,,,[T1_EXACT]
II VI INC,IIVI,COHERENT INC,,,,[T1_EXACT]
II VI INC,IIVI,II VI INC,,,,[T1_EXACT]
ILLUMINA INC,ILMN,ILLUMINA CORP,,,,[T1_EXACT]
ILLUMINA INC,ILMN,ILLUMINA INC,,,,[T1_EXACT]
IMMUNEERING CORP,IMRX,IMMUNEERING CORP,,,,[T1_EXACT]
INCYTE CORP,INCY,INCYTE CORP,,,,[T1_EXACT]
INCYTE CORP,INCY,INCYTE HOLDINGS CORP,,,,[T1_EXACT]
INFINERA CORP,INFN,INFINERA CORP,,,,[T1_EXACT]
INFOSYS LTD,INFY,INFOSYS LTD,,,,[T1_EXACT]
INGREDION INC,INGR,CORN PRODUCTS DEV INC,,,,[MANUAL]
INTEL CORP,INTC,INTEL CORP,,,,[T1_EXACT]
INTEL CORP,INTC,INTEL CORP INC,,,,[T1_EXACT]
INTEL CORP,INTC,THE INTEL CORP,,,,[T1_EXACT]
INTUIT INC,INTU,INTUIT INC,,,,[T1_EXACT]
IONQ INC,IONQ,IONQ INC,,,,[T1_EXACT]
IQIYI INC,IQ,BEIJING QIYI CENTURY SCIENCE & TECHNOLOGY CO LTD,,,,[MANUAL]
INTERNATIONAL RECTIFIER CORP,IRF,INT RECTIFIER CORP,,,,[T1_EXACT]
IRIDEX CORP,IRIX,IRIDEX CORP,,,,[T1_EXACT]
INTUITIVE SURGICAL INC,ISRG,INTUITIVE SURGICAL INC,,,,[T1_EXACT]
ITAMAR MEDICAL LTD,ITMR,ITAMAR MEDICAL LTD,,,,[T1_EXACT]
JOHNSON CONTROLS INC,JCI,JOHNSON CONTROLS GMBH,,,,[T1_EXACT]
JOHNSON CONTROLS INC,JCI,JOHNSON CONTROLS INC,,,,[T1_EXACT]
JOHNSON & JOHNSON,JNJ,JOHNSON & JOHNSON,,,,[T1_EXACT]
JOHNSON & JOHNSON,JNJ,JOHNSON & JOHNSON AB,,,,[T1_EXACT]
JOHNSON & JOHNSON,JNJ,JOHNSON & JOHNSON GMBH,,,,[T1_EXACT]
JUNIPER NETWORKS INC,JNPR,JUNIPER NETWORKS INC,,,,[T1_EXACT]
KOREA ELECTRIC POWER CO,KEP,KOREA ELECTRIC POWER CORP,,,,[T1_EXACT]
KEYSIGHT TECHNOLOGIES INC,KEYS,KEYSIGHT TECHNOLOGIES INC,,,,[T1_EXACT]
NLIGHT INC,LASR,NLIGHT INC,,,,[T1_EXACT]
LEAR CORP,LEA,LEAR CORP,,,,[T1_EXACT]
LEAR CORP,LEA,LEAR CORP GMBH,,,,[T1_EXACT]
LINDE PLC,LIN,LINDE AG,,,,[T1_EXACT]
LINDE PLC,LIN,LINDE GMBH,,,,[T1_EXACT]
LA JOLLA PHARMACEUTICAL CO,LJPC,LA JOLLA PHARMA CO,,,,[MANUAL]
LA JOLLA PHARMACEUTICAL CO,LJPC,LA JOLLA PHARMA LLC,,,,[MANUAL]
LOCKHEED MARTIN CORP,LMT,LOCKHEED CORP,,,,[MANUAL]
LINE CORP,LN,LINE CORP,,,,[T1_EXACT]
LINE CORP,LN,LINE PLUS CORP,,,,[MANUAL]
LINKEDIN CORP,LNKD,LINKEDIN CORP,,,,[T1_EXACT]
LATTICE SEMICONDUCTOR CORP,LSCC,LATTICE SEMICONDUCTOR CORP,,,,[T1_EXACT]
LUNA INNOVATIONS INC,LUNA,LUNA INNOVATIONS INC,,,,[T1_EXACT]
LEXICON PHARMACEUTICALS INC,LXRX,LEXICON PHARMACEUTICALS INC,,,,[T1_EXACT]
LYFT INC,LYFT,LYFT INC,,,,[T1_EXACT]
SERES THERAPEUTICS INC,MCRB,SERES THERAPEUTICS INC,,,,[T1_EXACT]
MEDTRONIC PLC,MDT,MEDTRONIC HOLDING CO SARL,,,,[T1_EXACT]
MEDTRONIC PLC,MDT,MEDTRONIC INC,,,,[T1_EXACT]
MELLANOX TECHNOLOGIES LTD,MLNX,MELLANOX TECH LTD,,,,[T1_EXACT]
MELLANOX TECHNOLOGIES LTD,MLNX,MELLANOX TECHNOLOGIES LTD,,,,[T1_EXACT]
MALLINCKRODT PLC,MNK,MALLINCKRODT INC,,,,[T1_EXACT]
MALLINCKRODT PLC,MNK,MALLINCKRODT LLC,,,,[T1_EXACT]
MOOG INC,MOGB,MOOG BV,,,,[T1_EXACT]
MOOG INC,MOGB,MOOG GMBH,,,,[T1_EXACT]
MOOG INC,MOGB,MOOG INC,,,,[T1_EXACT]
MICROSEMI CORP,MSCC,MICROSEMI CORP,,,,[T1_EXACT]
MICROSOFT CORP,MSFT,C O MICROSOFT CORP,,,,[CURATED8]
MICROSOFT CORP,MSFT,C O MICROSOFT TECHNOLOGY LICENSING LLC,,,,[CURATED8]
MICROSOFT CORP,MSFT,C/O MICROSOFT TECH LICENSING LLC,,,,[CURATED8]
MICROSOFT CORP,MSFT,CORP MICROSOFT,,,,[CURATED8]
MICROSOFT CORP,MSFT,MICROSOFT COPORATION,,,,[CURATED8]
MICROSOFT CORP,MSFT,MICROSOFT COPRORATION,,,,[CURATED8]
MICROSOFT CORP,MSFT,MICROSOFT COROPORATION,,,,[CURATED8]
MICROSOFT CORP,MSFT,MICROSOFT CORP,,,,[CURATED8]
MICROSOFT CORP,MSFT,MICROSOFT CORP INC,,,,[CURATED8]
MICROSOFT CORP,MSFT,MICROSOFT CORP MICROSOFT PATENT GROUP,,,,[CURATED8]
MICROSOFT CORP,MSFT,MICROSOFT CORP ONE MICROSOFT WAY,,,,[CURATED8]
MICROSOFT CORP,MSFT,MICROSOFT CORPOARTION,,,,[CURATED8]
MICROSOFT CORP,MSFT,MICROSOFT CORPOATION,,,,[CURATED8]
MICROSOFT CORP,MSFT,MICROSOFT CORPORAION,,,,[CURATED8]
MICROSOFT CORP,MSFT,MICROSOFT CORPORAT,,,,[CURATED8]
MICROSOFT CORP,MSFT,MICROSOFT CORPORATIN,,,,[CURATED8]
MICROSOFT CORP,MSFT,MICROSOFT CORPORATION MICROSOFT TECH LICENSING LLC,,,,[CURATED8]
MICROSOFT CORP,MSFT,MICROSOFT CORPORATON,,,,[CURATED8]
MICROSOFT CORP,MSFT,MICROSOFT CORPORORATION,,,,[CURATED8]
MICROSOFT CORP,MSFT,MICROSOFT CORPORTAION,,,,[CURATED8]
MICROSOFT CORP,MSFT,MICROSOFT CORPORTATION,,,,[CURATED8]
MICROSOFT CORP,MSFT,MICROSOFT CORPORTION,,,,[CURATED8]
MICROSOFT CORP,MSFT,MICROSOFT CORPOTATION,,,,[CURATED8]
MICROSOFT CORP,MSFT,MICROSOFT CORPRATION,,,,[CURATED8]
MICROSOFT CORP,MSFT,MICROSOFT CORPROATION,,,,[CURATED8]
MICROSOFT CORP,MSFT,MICROSOFT HOLDINGS INTERNAT B V,,,,[CURATED8]
MICROSOFT CORP,MSFT,MICROSOFT INT HOLDINGS BV,,,,[CURATED8]
MICROSOFT CORP,MSFT,MICROSOFT ISRAEL RES AND DEV (2002) LTD,,,,[CURATED8]
MICROSOFT CORP,MSFT,MICROSOFT LICENSING TECH LLC,,,,[CURATED8]
MICROSOFT CORP,MSFT,MICROSOFT LICENSING TECHNOLOGY LLC,,,,[CURATED8]
MICROSOFT CORP,MSFT,MICROSOFT MICROSOFT TECH LICENSING LLC,,,,[CURATED8]
MICROSOFT CORP,MSFT,MICROSOFT MICROSOFT TECHNOLOGY LICENSING LLC,,,,[CURATED8]
MICROSOFT CORP,MSFT,MICROSOFT ORGANIZATION,,,,[CURATED8]
MICROSOFT CORP,MSFT,MICROSOFT S P A,,,,[CURATED8]
MICROSOFT CORP,MSFT,MICROSOFT T ECHNOTOGY LICENSING LLC,,,,[CURATED8]
MICROSOFT CORP,MSFT,MICROSOFT TACHNOLOGY LICENSING LLC,,,,[CURATED8]
MICROSOFT CORP,MSFT,MICROSOFT TECH CORP,,,,[CURATED8]
MICROSOFT CORP,MSFT,MICROSOFT TECH LCENSING LLC,,,,[CURATED8]
MICROSOFT CORP,MSFT,MICROSOFT TECH LICEEEENSING LLC,,,,[CURATED8]
MICROSOFT CORP,MSFT,MICROSOFT TECH LICEMSING LLC,,,,[CURATED8]
MICROSOFT CORP,MSFT,MICROSOFT TECH LICENCING LLC,,,,[CURATED8]
MICROSOFT CORP,MSFT,MICROSOFT TECH LICENSEING LLC,,,,[CURATED8]
MICROSOFT CORP,MSFT,MICROSOFT TECH LICENSENG LLC,,,,[CURATED8]
MICROSOFT CORP,MSFT,MICROSOFT TECH LICENSING,,,,[CURATED8]
MICROSOFT CORP,MSFT,MICROSOFT TECH LICENSING INC,,,,[CURATED8]
MICROSOFT CORP,MSFT,MICROSOFT TECH LICENSING LL,,,,[CURATED8]
MICROSOFT CORP,MSFT,MICROSOFT TECH LICENSING LLC,,,,[CURATED8]
MICROSOFT CORP,MSFT,MICROSOFT TECH LICENSING LLC REDMOND WA,,,,[CURATED8]
MICROSOFT CORP,MSFT,MICROSOFT TECH LICENSING LLLC,,,,[CURATED8]
MICROSOFT CORP,MSFT,MICROSOFT TECH LICENSING LLP,,,,[CURATED8]
MICROSOFT CORP,MSFT,MICROSOFT TECH LICENSINT LLC,,,,[CURATED8]
MICROSOFT CORP,MSFT,MICROSOFT TECH LICESNING LLC,,,,[CURATED8]
MICROSOFT CORP,MSFT,MICROSOFT TECH LICESNSING LLC,,,,[CURATED8]
MICROSOFT CORP,MSFT,MICROSOFT TECH LICNESING LLC,,,,[CURATED8]
MICROSOFT CORP,MSFT,MICROSOFT TECH LIENSING LLC,,,,[CURATED8]
MICROSOFT CORP,MSFT,MICROSOFT TECH LINENSING LLC,,,,[CURATED8]
MICROSOFT CORP,MSFT,MICROSOFT TECH LTD LLC,,,,[CURATED8]
MICROSOFT CORP,MSFT,MICROSOFT TECHNLOGY LICENSING LLC,,,,[CURATED8]
MICROSOFT CORP,MSFT,MICROSOFT TECHNLOLOGY LICENSING LLC,,,,[CURATED8]
MICROSOFT CORP,MSFT,MICROSOFT TECHNOLGOY LICENSING LLC,,,,[CURATED8]
MICROSOFT CORP,MSFT,MICROSOFT TECHNOLGY LICENSING LLC,,,,[CURATED8]
MICROSOFT CORP,MSFT,MICROSOFT TECHNOLOGIES LICENSING LLC,,,,[CURATED8]
MICROSOFT CORP,MSFT,MICROSOFT TECHNOLOGY LICENSING,,,,[CURATED8]
MICROSOFT CORP,MSFT,MICROSOFT TECHNOLOGY LICENSING INC,,,,[CURATED8]
MICROSOFT CORP,MSFT,MICROSOFT TECHNOLOGY LICENSING LL,,,,[CURATED8]
MICROSOFT CORP,MSFT,MICROSOFT TECHNOLOGY LICENSING LLC,,,,[CURATED8]
MICROSOFT CORP,MSFT,MICROSOFT TECHNOLOGY LICENSING LLG,,,,[CURATED8]
MICROSOFT CORP,MSFT,MICROSOFT TECHNOLOGY LICENSING LLP,,,,[CURATED8]
MICROSOFT CORP,MSFT,MICROSOFT TECHNOLOGY LINCENSING LLC,,,,[CURATED8]
MICROSOFT CORP,MSFT,MICROSOFT TECHNOLOGY LISCENSING LLC,,,,[CURATED8]
MICROSOFT CORP,MSFT,MICROSOFT TECHNOLOGY LlCENSING LLC,,,,[CURATED8]
MICROSOFT CORP,MSFT,MICROSOFT TECHNOLOLGY LICENSING LLC,,,,[CURATED8]
MICROSOFT CORP,MSFT,MICROSOFT TECHNOLOY LICENSING LLC,,,,[CURATED8]
MICROSOFT CORP,MSFT,MICROSOFT TEHCNOLOGY LICENSING LLC,,,,[CURATED8]
MICROSOFT CORP,MSFT,Microsoft Coprporation,,,,[CURATED8]
MICROSOFT CORP,MSFT,Microsoft Coropration,,,,[CURATED8]
MICROSOFT CORP,MSFT,Microsoft Corporartion,,,,[CURATED8]
MICROSOFT CORP,MSFT,ONE MICROSOFT WAY,,,,[CURATED8]
MICROSOFT CORP,MSFT,TELL ME NETWORKS C O MICROSOFT CORP,,,,[CURATED8]
MOTOROLA SOLUTIONS INC,MSI,MOTOROLA INC,,,,[MANUAL]
MOTOROLA SOLUTIONS INC,MSI,MOTOROLA SOLUTIONS INC,,,,[T1_EXACT]
MYRIAD GENETICS INC,MYGN,MYRIAD GENETICS INC,,,,[T1_EXACT]
MYLAN N V,MYL,MYLAN INC,,,,[MANUAL]
MYLAN N V,MYL,MYLAN LAB LTD,,,,[MANUAL]
MYLAN N V,MYL,MYLAN LABORATORIES LTD,,,,[MANUAL]
MYLAN N V,MYL,MYLAN TECHNOLOGIES INC,,,,[MANUAL]
NASDAQ INC,NDAQ,NASDAQ INC,,,,[T1_EXACT]
NEXTERA ENERGY INC,NEE,FLORIDA POWER & LIGHT CO,,,,[MANUAL]
NEWMONT MINING CORP,NEM,NEWMONT USA LTD,,,,[MANUAL]
NETFLIX INC,NFLX,NETFLIX CORP,,,,[T1_EXACT]
NETFLIX INC,NFLX,NETFLIX INC,,,,[T1_EXACT]
NIKE INC,NKE,NIKE INC,,,,[T1_EXACT]
NIKE INC,NKE,NIKE INCORPORATED,,,,[T1_EXACT]
NORTHROP GRUMMAN CORP,NOC,NORTHROP GRUMMAN CORP,,,,[T1_EXACT]
NOKIA CORP,NOK,NOKIA,,,,[T1_EXACT]
NOKIA CORP,NOK,NOKIA CORP,,,,[T1_EXACT]
NOKIA CORP,NOK,NOKIA CORP OY,,,,[T1_EXACT]
NOKIA CORP,NOK,NOKIA INC,,,,[T1_EXACT]
SERVICENOW INC,NOW,SERVICENOW INC,,,,[T1_EXACT]
NETAPP INC,NTAP,NETAPP,,,,[T1_EXACT]
NETAPP INC,NTAP,NETAPP INC,,,,[T1_EXACT]
NUTANIX INC,NTNX,NUTANIX INC,,,,[T1_EXACT]
NUANCE COMMUNICATIONS INC,NUAN,NUANCE COMMUNICATIONS INC,,,,[T1_EXACT]
NUVASIVE INC,NUVA,NUVASIVE,,,,[T1_EXACT]
NUVASIVE INC,NUVA,NUVASIVE INC,,,,[T1_EXACT]
NVIDIA CORP,NVDA,C/O NVIDIA CORP,,,,[CURATED8]
NVIDIA CORP,NVDA,NVIDIA,,,,[CURATED8]
NVIDIA CORP,NVDA,NVIDIA CORP,,,,[CURATED8]
NVIDIA CORP,NVDA,NVIDIA CORPORARTION,,,,[CURATED8]
NVIDIA CORP,NVDA,NVIDIA CORPORTION,,,,[CURATED8]
NVIDIA CORP,NVDA,NVIDIA CORPRATION,,,,[CURATED8]
NVIDIA CORP,NVDA,NVIDIA TECHNOLOGY UK LTD,,,,[CURATED8]
NEVRO CORP,NVRO,NEVRO CORP,,,,[T1_EXACT]
INVITAE CORP,NVTA,INVITAE CORP,,,,[T1_EXACT]
OCLARO INC,OCLR,OCLARO INC,,,,[T1_EXACT]
SPARK THERAPEUTICS INC,ONCE,SPARK THERAPEUTICS INC,,,,[T1_EXACT]
ORANGE,ORAN,FRANCE TELECOM,,,,[T1_EXACT]
ORANGE,ORAN,ORANGE,,,,[T1_EXACT]
ORANGE,ORAN,ORANGE SA,,,,[T1_EXACT]
ORACLE CORP,ORCL,ORACLE CORP,,,,[T1_EXACT]
OPEN TEXT CORP,OTEX,OPEN TEXT CORP,,,,[T1_EXACT]
OPEN TEXT CORP,OTEX,OPEN TEXT HOLDINGS INC,,,,[T1_EXACT]
OPEN TEXT CORP,OTEX,OPEN TEXT INC,,,,[T1_EXACT]
OPEN TEXT CORP,OTEX,Open Text SA,,,,[T1_EXACT]
OMNIVISION TECHNOLOGIES INC,OVTI,OMNIVISION TECH INC,,,,[T1_EXACT]
OCCIDENTAL PETROLEUM CORP,OXY,OCCIDENTAL CHEM CO,,,,[MANUAL]
OCCIDENTAL PETROLEUM CORP,OXY,OCCIDENTAL OIL AND GAS CORP,,,,[MANUAL]
PALO ALTO NETWORKS INC,PANW,PALO ALTO NETWORKS INC,,,,[T1_EXACT]
PALO ALTO NETWORKS INC,PANW,Palo Alto Networks,,,,[T1_EXACT]
PANASONIC CORP,PC,PANASONIC CORP,,,,[T1_EXACT]
PANASONIC CORP,PC,PANASONIC HOLDINGS CORP,,,,[T1_EXACT]
PFIZER INC,PFE,PFIZER,,,,[T1_EXACT]
PFIZER INC,PFE,PFIZER LTD,,,,[T1_EXACT]
PROCTER & GAMBLE CO,PG,PROCTER & GAMBLE,,,,[T1_EXACT]
PROCTER & GAMBLE CO,PG,THE PROCTER & GAMBLE COMPANY,,,,[T1_EXACT]
POLARIS INDUSTRIES INC,PII,POLARIS INC,,,,[MANUAL]
PINTEREST INC,PINS,PINTEREST INC,,,,[T1_EXACT]
PERSONALIS INC,PSNL,PERSONALIS INC,,,,[T1_EXACT]
PEARSON PLC,PSO,PEARSON EDUCATION INC,,,,[MANUAL]
PEARSON PLC,PSO,PEARSON INCORPORATED,,,,[T1_EXACT]
PROTEOSTASIS THERAPEUTICS INC,PTI,KINETA INC,,,,[T1_EXACT]
PROTEOSTASIS THERAPEUTICS INC,PTI,PROTEOSTASIS THERAPEUTICS INC,,,,[T1_EXACT]
PROTEOSTASIS THERAPEUTICS INC,PTI,YUMANITY THERAPEUTICS INC,,,,[T1_EXACT]
QUALCOMM INC,QCOM,QUALCOMM INC,,,,[T1_EXACT]
QUALCOMM INC,QCOM,QUALCOMM INC INC,,,,[T1_EXACT]
QUALCOMM INC,QCOM,QUALCOMM INCORPORATED,,,,[T1_EXACT]
QUANTUM CORP,QTM,QUANTUM CORP,,,,[T1_EXACT]
QUANTUM CORP,QTM,QUANTUM GROUP INC,,,,[T1_EXACT]
QUANTUM CORP,QTM,THE QUANTUM GROUP INC,,,,[T1_EXACT]
ROYAL DUTCH SHELL PLC,RDS,SHELL CANADA ENERGY,,,,[MANUAL]
ROYAL DUTCH SHELL PLC,RDS,SHELL INT RESEARCH,,,,[MANUAL]
ROYAL DUTCH SHELL PLC,RDS,SHELL OIL CO,,,,[MANUAL]
ROYAL DUTCH SHELL PLC,RDS,SHELL USA INC,,,,[MANUAL]
RELX PLC,RELX,RELX INC,,,,[T1_EXACT]
RIGETTI COMPUTING INC,RGTI,RIGETTI & CO INC,,,,[MANUAL]
RIGETTI COMPUTING INC,RGTI,RIGETTI & CO LLC,,,,[MANUAL]
RED HAT INC,RHT,RED HAT INC,,,,[T1_EXACT]
RELAY THERAPEUTICS INC,RLAY,RELAY THERAPEUTICS INC,,,,[T1_EXACT]
RESMED INC,RMD,RESMED CORP,,,,[T1_EXACT]
RESMED INC,RMD,RESMED INC,,,,[T1_EXACT]
RESMED INC,RMD,RESMED LTD,,,,[T1_EXACT]
RESMED INC,RMD,RESMED SAS,,,,[T1_EXACT]
RESMED INC,RMD,ResMed Pty Ltd,,,,[T1_EXACT]
REALNETWORKS INC,RNWK,REALNETWORKS INC,,,,[T1_EXACT]
REALNETWORKS INC,RNWK,REALNETWORKS LLC,,,,[T1_EXACT]
ROGERS CORP,ROG,ROGERS BV,,,,[T1_EXACT]
ROGERS CORP,ROG,ROGERS CORP,,,,[T1_EXACT]
ROSETTA GENOMICS LTD,ROSG,ROSETTA GENOMICS LTD,,,,[T1_EXACT]
SELECTA BIOSCIENCES INC,SELB,CARTESIAN THERAPEUTICS INC,,,,[T1_EXACT]
SELECTA BIOSCIENCES INC,SELB,SELECTA BIOSCIENCES INC,,,,[T1_EXACT]
SCHLUMBERGER LTD,SLB,SCHLUMBERGER HOLDINGS,,,,[T1_EXACT]
SNAP INC,SNAP,SNAP INC,,,,[T1_EXACT]
SONY CORP,SNE,SONY COMP ENTERTAINMENT US,,,,[MANUAL]
SONY CORP,SNE,SONY COMPUTER ENTERTAINMENT INC,,,,[MANUAL]
SONY CORP,SNE,SONY CORP,,,,[T1_EXACT]
SONY CORP,SNE,SONY CORP AMERICA,,,,[MANUAL]
SONY CORP,SNE,SONY ELECTRONICS INC,,,,[MANUAL]
SONY CORP,SNE,SONY EUROPE LTD,,,,[MANUAL]
SONY CORP,SNE,SONY GROUP CORP,,,,[T1_EXACT]
SONY CORP,SNE,SONY INTERACTIVE ENTERTAINMENT AMERICA LLC,,,,[MANUAL]
SONY CORP,SNE,SONY INTERACTIVE ENTERTAINMENT EUROPE LTD,,,,[MANUAL]
SONY CORP,SNE,SONY INTERACTIVE ENTERTAINMENT INC,,,,[MANUAL]
SONY CORP,SNE,SONY MOBILE COMM AB,,,,[MANUAL]
SONY CORP,SNE,SONY MOBILE COMMUNICATIONS INC,,,,[MANUAL]
SONY CORP,SNE,SONY NETWORK ENTERTAINMENT INT,,,,[MANUAL]
SONY CORP,SNE,SONY SEMICONDUCTOR SOLUTIONS CORP,,,,[MANUAL]
SONY CORP,SNE,Sony Interactive Entertainment LLC,,,,[MANUAL]
SYNOPSYS INC,SNPS,SYNOPSYS INC,,,,[T1_EXACT]
SANOFI,SNY,SANOFI SA,,,,[T1_EXACT]
SPLUNK INC,SPLK,SPLUNK INC,,,,[T1_EXACT]
STRATASYS LTD,SSYS,STRATASYS INC,,,,[T1_EXACT]
STRATASYS LTD,SSYS,STRATASYS LTD,,,,[T1_EXACT]
STANLEY BLACK & DECKER INC,SWK,STANLEY BLACK & DECKER INC,,,,[T1_EXACT]
SKYWORKS SOLUTIONS INC,SWKS,SKYWORKS GLOBAL PTE LTD,,,,[MANUAL]
SKYWORKS SOLUTIONS INC,SWKS,SKYWORKS SOLUTIONS INC,,,,[T1_EXACT]
SYMANTEC CORP,SYMC,GEN DIGITAL INC,,,,[T1_EXACT]
SYMANTEC CORP,SYMC,NORTONLIFELOCK INC,,,,[T1_EXACT]
SYMANTEC CORP,SYMC,SYMANTEC,,,,[T1_EXACT]
SYMANTEC CORP,SYMC,SYMANTEC CORP,,,,[T1_EXACT]
SYMANTEC CORP,SYMC,SYMANTEC INC,,,,[T1_EXACT]
TECHNICOLOR,TCH,THOMSON LICENSING,,,,[MANUAL]
TECHNICOLOR,TCH,THOMSON LICENSING A CORP,,,,[MANUAL]
TECHNICOLOR,TCH,THOMSON LICENSING DTV,,,,[MANUAL]
TECHNICOLOR,TCH,THOMSON LICENSING LLC,,,,[MANUAL]
TECHNICOLOR,TCH,THOMSON LICENSING SA,,,,[MANUAL]
TELEDYNE TECHNOLOGIES,TDY,TELEDYNE SCIENT & IMAGING LLC,,,,[MANUAL]
TELEDYNE TECHNOLOGIES,TDY,TELEDYNE TECH INC,,,,[T1_EXACT]
TARGET CORP,TGT,TARGET BRANDS INC,,,,[MANUAL]
TIGENIX,TIG,TIGENIX NV,,,,[T1_EXACT]
INTERFACE INC,TILE,INTERFACE INC,,,,[T1_EXACT]
TOYOTA MOTOR CORP,TM,TOYOTA ENG & MFG NORTH AMERICA,,,,[MANUAL]
TOYOTA MOTOR CORP,TM,TOYOTA MOTOR CO LTD,,,,[T1_EXACT]
TOYOTA MOTOR CORP,TM,TOYOTA MOTOR CORP,,,,[T1_EXACT]
TOYOTA MOTOR CORP,TM,TOYOTA RES INST INC,,,,[MANUAL]
THERMO FISHER SCIENTIFIC INC,TMO,THERMO FINNIGAN LLC,,,,[MANUAL]
THERMO FISHER SCIENTIFIC INC,TMO,THERMO FISHER SCIENT,,,,[T1_EXACT]
THERMO FISHER SCIENTIFIC INC,TMO,THERMO FISHER SCIENT SPA,,,,[T1_EXACT]
THERMO FISHER SCIENTIFIC INC,TMO,THERMO FISHER SCIENTIFIC INC,,,,[T1_EXACT]
THERMO FISHER SCIENTIFIC INC,TMO,THERMO FISHER SCIENTIFIC OY,,,,[T1_EXACT]
TRILLIUM THERAPEUTICS INC,TRIL,TRILLIUM THERAPEUTICS INC,,,,[T1_EXACT]
TRIMBLE INC,TRMB,TRIMBLE AB,,,,[T1_EXACT]
TRIMBLE INC,TRMB,TRIMBLE INC,,,,[T1_EXACT]
TRONOX LTD,TROX,TRONOX LLC,,,,[T1_EXACT]
TESLA INC,TSLA,TESLA INC,,,,[CURATED8]
TESLA INC,TSLA,TESLA LNC,,,,[CURATED8]
TESLA INC,TSLA,TESLA MOTOR INC,,,,[CURATED8]
TESLA INC,TSLA,TESLA MOTORS INC,,,,[CURATED8]
TESLA INC,TSLA,Tesla Motors Canada ULC,,,,[CURATED8]
TYSON FOODS INC,TSN,TYSON FOODS INC,,,,[T1_EXACT]
TETRA TECH INC,TTEK,TETRA TECH,,,,[T1_EXACT]
TITAN PHARMACEUTICALS INC DEL,TTNP,TITAN PHARMACEUTICALS INC,,,,[MANUAL]
TWITTER INC,TWTR,TWITTER INC,,,,[T1_EXACT]
TEXAS INSTRUMENTS INC,TXN,TEXAS INSTR INCORPORATED,,,,[T1_EXACT]
TEXAS INSTRUMENTS INC,TXN,TEXAS INSTRUMENTS INC,,,,[T1_EXACT]
UNITY BIOTECHNOLOGY INC,UBX,UNITY BIOTECHNOLOGY,,,,[T1_EXACT]
UNITY BIOTECHNOLOGY INC,UBX,UNITY BIOTECHNOLOGY INC,,,,[T1_EXACT]
UNISYS CORP,UIS,UNISYS CORP,,,,[T1_EXACT]
UNILEVER PLC,UL,UNILEVER NV,,,,[T1_EXACT]
UNILEVER PLC,UL,UNILEVER PLC,,,,[T1_EXACT]
UNITED MICROELECTRONICS CORP,UMC,UNITED MICROELECTRONICS CORP,,,,[T1_EXACT]
UNITED PARCEL SERVICE INC,UPS,UNITED PARCEL SERVICE INC,,,,[T1_EXACT]
UNITED TECHNOLOGIES CORP,UTX,RAYTHEON TECH CORP,,,,[T1_EXACT]
UNITED TECHNOLOGIES CORP,UTX,UNITED TECHNOLOGIES CORP,,,,[T1_EXACT]
UNITED TECHNOLOGIES CORP,UTX,UNITED TECHNOLOGY CORP,,,,[T1_EXACT]
VISA INC,V,VISA EUROPE LTD,,,,[MANUAL]
VISA INC,V,VISA INT SERVICE ASS,,,,[MANUAL]
VISA INC,V,VISA USA INC,,,,[MANUAL]
VMWARE INC,VMW,VMWARE INC,,,,[T1_EXACT]
VMWARE INC,VMW,VMware LLC,,,,[T1_EXACT]
VERISK ANALYTICS INC,VRSK,COMMERCE SIGNALS INC C/O VERISK ANALYTICS INC,,,,[MANUAL]
VERISK ANALYTICS INC,VRSK,XACTWARE SOLUTIONS INC,,,,[MANUAL]
WORKDAY INC,WDAY,WORKDAY INC,,,,[T1_EXACT]
WIPRO LTD,WIT,WIPRO LTD,,,,[T1_EXACT]
WAL MART STORES INC,WMT,WAL MART STORES INC,,,,[T1_EXACT]
WOODWARD INC,WWD,WOODWARD INC,,,,[T1_EXACT]
XILINX INC,XLNX,XILINX INC,,,,[T1_EXACT]
EXELIS INC,XLS,EXELIS INC,,,,[T1_EXACT]
XPERI INC,XPER,DTS INC,,,,[MANUAL]
XPERI INC,XPER,TESSERA INC,,,,[MANUAL]
XPERI INC,XPER,TESSERA TECH IRELAND LTD,,,,[MANUAL]
DENTSPLY SIRONA INC,XRAY,DENTSPLY INT INC,,,,[MANUAL]
DENTSPLY SIRONA INC,XRAY,DENTSPLY SIRONA INC,,,,[T1_EXACT]
XEROX CORP,XRX,XEROX CORP,,,,[T1_EXACT]
YAHOO INC,YHOO,YAHOO HOLDINGS INC,,,,[T1_EXACT]
YAHOO INC,YHOO,YAHOO INC,,,,[T1_EXACT]
ZEBRA TECHNOLOGIES CORP,ZBRA,ZEBRA TECH CORP,,,,[T1_EXACT]
ZILLOW GROUP INC,ZG,ZILLOW GROUP INC,,,,[T1_EXACT]
ZILLOW GROUP INC,ZG,ZILLOW INC,,,,[T1_EXACT]
