version,parent_company,ticker,filing_year,ai_patent_count
parent_only,Alphabet,GOOGL,2010,105
parent_only,Alphabet,GOOGL,2011,266
parent_only,Alphabet,GOOGL,2012,397
parent_only,Alphabet,GOOGL,2013,603
parent_only,Alphabet,GOOGL,2014,497
parent_only,Alphabet,GOOGL,2015,540
parent_only,Alphabet,GOOGL,2016,736
parent_only,Alphabet,GOOGL,2017,721
parent_only,Alphabet,GOOGL,2018,597
parent_only,Alphabet,GOOGL,2019,903
parent_only,Alphabet,GOOGL,2020,950
parent_only,Alphabet,GOOGL,2021,873
parent_only,Alphabet,GOOGL,2022,949
parent_only,Alphabet,GOOGL,2023,1106
parent_only,Alphabet,GOOGL,2024,989
parent_only,Alphabet,GOOGL,2025,487
parent_only,Amazon,AMZN,2010,1
parent_only,Amazon,AMZN,2011,2
parent_only,Amazon,AMZN,2012,11
parent_only,Amazon,AMZN,2013,37
parent_only,Amazon,AMZN,2014,115
parent_only,Amazon,AMZN,2015,89
parent_only,Amazon,AMZN,2016,93
parent_only,Amazon,AMZN,2017,122
parent_only,Amazon,AMZN,2018,115
parent_only,Amazon,AMZN,2019,162
parent_only,Amazon,AMZN,2020,179
parent_only,Amazon,AMZN,2021,95
parent_only,Amazon,AMZN,2022,128
parent_only,Amazon,AMZN,2023,166
parent_only,Amazon,AMZN,2024,134
parent_only,Amazon,AMZN,2025,54
parent_only,Apple,AAPL,2010,45
parent_only,Apple,AAPL,2011,46
parent_only,Apple,AAPL,2012,93
parent_only,Apple,AAPL,2013,156
parent_only,Apple,AAPL,2014,169
parent_only,Apple,AAPL,2015,201
parent_only,Apple,AAPL,2016,220
parent_only,Apple,AAPL,2017,208
parent_only,Apple,AAPL,2018,279
parent_only,Apple,AAPL,2019,283
parent_only,Apple,AAPL,2020,308
parent_only,Apple,AAPL,2021,300
parent_only,Apple,AAPL,2022,347
parent_only,Apple,AAPL,2023,413
parent_only,Apple,AAPL,2024,347
parent_only,Apple,AAPL,2025,292
parent_only,Broadcom,AVGO,2010,1
parent_only,Broadcom,AVGO,2011,2
parent_only,Broadcom,AVGO,2013,1
parent_only,Broadcom,AVGO,2015,8
parent_only,Broadcom,AVGO,2018,3
parent_only,Broadcom,AVGO,2019,3
parent_only,Broadcom,AVGO,2021,5
parent_only,Broadcom,AVGO,2022,9
parent_only,Broadcom,AVGO,2023,6
parent_only,Broadcom,AVGO,2024,11
parent_only,Broadcom,AVGO,2025,4
parent_only,Meta,META,2010,6
parent_only,Meta,META,2012,51
parent_only,Meta,META,2013,102
parent_only,Meta,META,2014,221
parent_only,Meta,META,2015,280
parent_only,Meta,META,2016,375
parent_only,Meta,META,2017,468
parent_only,Meta,META,2018,161
parent_only,Meta,META,2019,169
parent_only,Meta,META,2020,154
parent_only,Meta,META,2021,167
parent_only,Meta,META,2022,212
parent_only,Meta,META,2023,171
parent_only,Meta,META,2024,114
parent_only,Meta,META,2025,82
parent_only,Microsoft,MSFT,2010,609
parent_only,Microsoft,MSFT,2011,586
parent_only,Microsoft,MSFT,2012,464
parent_only,Microsoft,MSFT,2013,504
parent_only,Microsoft,MSFT,2014,579
parent_only,Microsoft,MSFT,2015,605
parent_only,Microsoft,MSFT,2016,781
parent_only,Microsoft,MSFT,2017,878
parent_only,Microsoft,MSFT,2018,945
parent_only,Microsoft,MSFT,2019,871
parent_only,Microsoft,MSFT,2020,602
parent_only,Microsoft,MSFT,2021,717
parent_only,Microsoft,MSFT,2022,826
parent_only,Microsoft,MSFT,2023,878
parent_only,Microsoft,MSFT,2024,695
parent_only,Microsoft,MSFT,2025,198
parent_only,Nvidia,NVDA,2010,1
parent_only,Nvidia,NVDA,2012,12
parent_only,Nvidia,NVDA,2013,25
parent_only,Nvidia,NVDA,2014,6
parent_only,Nvidia,NVDA,2015,7
parent_only,Nvidia,NVDA,2016,4
parent_only,Nvidia,NVDA,2017,23
parent_only,Nvidia,NVDA,2018,64
parent_only,Nvidia,NVDA,2019,170
parent_only,Nvidia,NVDA,2020,240
parent_only,Nvidia,NVDA,2021,309
parent_only,Nvidia,NVDA,2022,329
parent_only,Nvidia,NVDA,2023,431
parent_only,Nvidia,NVDA,2024,480
parent_only,Nvidia,NVDA,2025,255
parent_only,Tesla,TSLA,2017,4
parent_only,Tesla,TSLA,2018,10
parent_only,Tesla,TSLA,2019,13
parent_only,Tesla,TSLA,2020,6
parent_only,Tesla,TSLA,2021,9
parent_only,Tesla,TSLA,2022,14
parent_only,Tesla,TSLA,2023,37
parent_only,Tesla,TSLA,2024,15
parent_only,Tesla,TSLA,2025,13
with_subs,Alphabet,GOOGL,2010,105
with_subs,Alphabet,GOOGL,2011,266
with_subs,Alphabet,GOOGL,2012,401
with_subs,Alphabet,GOOGL,2013,641
with_subs,Alphabet,GOOGL,2014,528
with_subs,Alphabet,GOOGL,2015,550
with_subs,Alphabet,GOOGL,2016,765
with_subs,Alphabet,GOOGL,2017,836
with_subs,Alphabet,GOOGL,2018,726
with_subs,Alphabet,GOOGL,2019,1117
with_subs,Alphabet,GOOGL,2020,1219
with_subs,Alphabet,GOOGL,2021,1139
with_subs,Alphabet,GOOGL,2022,1186
with_subs,Alphabet,GOOGL,2023,1377
with_subs,Alphabet,GOOGL,2024,1222
with_subs,Alphabet,GOOGL,2025,560
with_subs,Amazon,AMZN,2010,1
with_subs,Amazon,AMZN,2011,3
with_subs,Amazon,AMZN,2012,14
with_subs,Amazon,AMZN,2013,45
with_subs,Amazon,AMZN,2014,126
with_subs,Amazon,AMZN,2015,109
with_subs,Amazon,AMZN,2016,114
with_subs,Amazon,AMZN,2017,145
with_subs,Amazon,AMZN,2018,122
with_subs,Amazon,AMZN,2019,169
with_subs,Amazon,AMZN,2020,224
with_subs,Amazon,AMZN,2021,161
with_subs,Amazon,AMZN,2022,182
with_subs,Amazon,AMZN,2023,200
with_subs,Amazon,AMZN,2024,166
with_subs,Amazon,AMZN,2025,73
with_subs,Apple,AAPL,2010,45
with_subs,Apple,AAPL,2011,46
with_subs,Apple,AAPL,2012,93
with_subs,Apple,AAPL,2013,156
with_subs,Apple,AAPL,2014,169
with_subs,Apple,AAPL,2015,201
with_subs,Apple,AAPL,2016,220
with_subs,Apple,AAPL,2017,208
with_subs,Apple,AAPL,2018,279
with_subs,Apple,AAPL,2019,283
with_subs,Apple,AAPL,2020,308
with_subs,Apple,AAPL,2021,300
with_subs,Apple,AAPL,2022,347
with_subs,Apple,AAPL,2023,413
with_subs,Apple,AAPL,2024,347
with_subs,Apple,AAPL,2025,292
with_subs,Broadcom,AVGO,2010,1
with_subs,Broadcom,AVGO,2011,2
with_subs,Broadcom,AVGO,2013,1
with_subs,Broadcom,AVGO,2014,3
with_subs,Broadcom,AVGO,2015,8
with_subs,Broadcom,AVGO,2016,1
with_subs,Broadcom,AVGO,2018,3
with_subs,Broadcom,AVGO,2019,3
with_subs,Broadcom,AVGO,2021,5
with_subs,Broadcom,AVGO,2022,9
with_subs,Broadcom,AVGO,2023,6
with_subs,Broadcom,AVGO,2024,15
with_subs,Broadcom,AVGO,2025,6
with_subs,Meta,META,2010,6
with_subs,Meta,META,2012,51
with_subs,Meta,META,2013,102
with_subs,Meta,META,2014,221
with_subs,Meta,META,2015,281
with_subs,Meta,META,2016,388
with_subs,Meta,META,2017,476
with_subs,Meta,META,2018,166
with_subs,Meta,META,2019,173
with_subs,Meta,META,2020,155
with_subs,Meta,META,2021,167
with_subs,Meta,META,2022,212
with_subs,Meta,META,2023,171
with_subs,Meta,META,2024,115
with_subs,Meta,META,2025,83
with_subs,Microsoft,MSFT,2010,609
with_subs,Microsoft,MSFT,2011,586
with_subs,Microsoft,MSFT,2012,465
with_subs,Microsoft,MSFT,2013,504
with_subs,Microsoft,MSFT,2014,579
with_subs,Microsoft,MSFT,2015,606
with_subs,Microsoft,MSFT,2016,791
with_subs,Microsoft,MSFT,2017,940
with_subs,Microsoft,MSFT,2018,948
with_subs,Microsoft,MSFT,2019,871
with_subs,Microsoft,MSFT,2020,602
with_subs,Microsoft,MSFT,2021,717
with_subs,Microsoft,MSFT,2022,856
with_subs,Microsoft,MSFT,2023,890
with_subs,Microsoft,MSFT,2024,699
with_subs,Microsoft,MSFT,2025,199
with_subs,Nvidia,NVDA,2010,1
with_subs,Nvidia,NVDA,2012,12
with_subs,Nvidia,NVDA,2013,25
with_subs,Nvidia,NVDA,2014,6
with_subs,Nvidia,NVDA,2015,7
with_subs,Nvidia,NVDA,2016,4
with_subs,Nvidia,NVDA,2017,23
with_subs,Nvidia,NVDA,2018,64
with_subs,Nvidia,NVDA,2019,170
with_subs,Nvidia,NVDA,2020,242
with_subs,Nvidia,NVDA,2021,318
with_subs,Nvidia,NVDA,2022,352
with_subs,Nvidia,NVDA,2023,445
with_subs,Nvidia,NVDA,2024,499
with_subs,Nvidia,NVDA,2025,261
with_subs,Tesla,TSLA,2017,4
with_subs,Tesla,TSLA,2018,10
with_subs,Tesla,TSLA,2019,13
with_subs,Tesla,TSLA,2020,6
with_subs,Tesla,TSLA,2021,9
with_subs,Tesla,TSLA,2022,14
with_subs,Tesla,TSLA,2023,37
with_subs,Tesla,TSLA,2024,15
with_subs,Tesla,TSLA,2025,13
