suggest,why,primary_ticker,primary_name,matched_from_name,assignee_name,assignee_core,n_publications,first_filing_year,last_filing_year,head_firms,head_orgs,permco
CHECK,首詞獨有，但非完整前綴,CSCO,CISCO SYSTEMS INC,CISCO SYS,CISCO TECH INC,CISCO TECH,12946,2010,2025,1,6,10486
CHECK,首詞獨有，但非完整前綴,HPE,HEWLETT PACKARD ENTERPRISE CO,HEWLETT PACKARD ENTPR,HEWLETT PACKARD DEVELOPMENT CO,HEWLETT PACKARD DEV,10334,2010,2025,1,19,55421
CHECK,首詞獨有，但非完整前綴,BK,BANK OF NEW YORK MELLON CORP,BANK OF NEW YORK MELLON,BANK OF AMERICA,BANK OF AMER,8142,2010,2025,1,14,20265
CHECK,首詞獨有，但非完整前綴,KEP,KOREA ELECTRIC POWER CO,KOREA ELEC POWER,KOREA ELECTRONICS TELECOMM,KOREA ELECTRONICS TELECOMM,6580,2010,2016,1,149,30497
CHECK,首詞獨有，但非完整前綴,AMZN,AMAZON COM INC,AMAZON COM,AMAZON TECH INC,AMAZON TECH,5844,2010,2025,1,1,15473
CHECK,首詞獨有，但非完整前綴,DOW,DOW CHEMICAL CO,DOW CHEM,DOW GLOBAL TECHNOLOGIES LLC,DOW GLOBAL TECH,5136,2010,2025,1,36,20597
CHECK,首詞獨有，但非完整前綴,UTX,UNITED TECHNOLOGIES CORP,RAYTHEON TECH,RAYTHEON CO,RAYTHEON,4048,2010,2025,0,11,21832
CHECK,首詞獨有，但非完整前綴,TM,TOYOTA MOTOR CORP,TOYOTA MOTOR,TOYOTA ENG & MFG NORTH AMERICA,TOYOTA ENG MFG NORTH AMER,3986,2010,2025,1,58,4521
CHECK,首詞獨有，但非完整前綴,AMD,ADVANCED MICRO DEVICES INC,ADVANCED MICRO DEVICES,ADVANCED RISC MACH LTD,ADVANCED RISC MACH,3256,2010,2025,1,340,211
CHECK,首詞獨有，但非完整前綴,ADBE,ADOBE SYSTEMS INC,ADOBE SYS,ADOBE INC,ADOBE,3214,2017,2025,1,2,8476
CHECK,首詞獨有，但非完整前綴,KEP,KOREA ELECTRIC POWER CO,KOREA ELEC POWER,KOREA ADVANCED INST SCI & TECH,KOREA ADVANCED INST SCI TECH,2869,2010,2025,1,149,30497
CHECK,首詞獨有，但非完整前綴,DAL,DELTA AIR LINES INC,DELTA AIR LINES,DELTA ELECTRONICS INC,DELTA ELECTRONICS,2669,2010,2025,1,53,20569
CHECK,首詞獨有，但非完整前綴,MSI,MOTOROLA SOLUTIONS INC,MOTOROLA SOLUTIONS,MOTOROLA MOBILITY LLC,MOTOROLA MOBILITY,2400,2010,2025,1,4,21230
CHECK,首詞獨有，但非完整前綴,TRI,THOMSON REUTERS CORP,THOMSON REUTERS,THOMSON LICENSING,THOMSON LICENSING,2189,2010,2023,1,48,28754
CHECK,品牌詞獨有，但多出實詞 INTELLIGENT POWER,ETN,EATON CORP PLC,EATON,EATON INTELLIGENT POWER LTD,EATON INTELLIGENT POWER,2135,2016,2025,1,19,20627
CHECK,首詞獨有，但非完整前綴,KEP,KOREA ELECTRIC POWER CO,KOREA ELEC POWER,KOREA INST SCI & TECH,KOREA INST SCI TECH,1960,2010,2025,1,149,30497
CHECK,首詞獨有，但非完整前綴,PANW,PALO ALTO NETWORKS INC,PALO ALTO NETWORKS,PALO ALTO RES CT INC,PALO ALTO RES CT,1823,2010,2024,1,10,54139
CHECK,首詞獨有，但非完整前綴,TM,TOYOTA MOTOR CORP,TOYOTA MOTOR,TOYOTA JIDOSHOKKI KK,TOYOTA JIDOSHOKKI,1810,2010,2025,1,58,4521
CHECK,首詞獨有，但非完整前綴,AMD,ADVANCED MICRO DEVICES INC,ADVANCED MICRO DEVICES,ADVANCED SEMICONDUCTOR ENG,ADVANCED SEMICONDUCTOR ENG,1521,2010,2025,1,340,211
CHECK,首詞獨有，但非完整前綴,LMT,LOCKHEED MARTIN CORP,LOCKHEED MARTIN,LOCKHEED CORP,LOCKHEED,1517,2010,2025,1,1,21110
CHECK,首詞獨有，但非完整前綴,HPE,HEWLETT PACKARD ENTERPRISE CO,HEWLETT PACKARD ENTPR,HEWLETT PACKARD DEVELOPMENT CO LP,HEWLETT PACKARD DEV,1480,2011,2020,1,19,55421
CHECK,首詞獨有，但非完整前綴,DOW,DOW CHEMICAL CO,DOW CHEM,DOW AGROSCIENCES LLC,DOW AGROSCIENCES,1427,2010,2023,1,36,20597
CHECK,品牌詞獨有，但多出實詞 FARBER CANCER INST,DAN,DANA INC,DANA,DANA FARBER CANCER INST INC,DANA FARBER CANCER INST,1350,2010,2025,1,23,52956
CHECK,首詞獨有，但非完整前綴,TM,TOYOTA MOTOR CORP,TOYOTA MOTOR,TOYOTA BOSHOKU KK,TOYOTA BOSHOKU,1348,2010,2025,1,58,4521
CHECK,首詞獨有，但非完整前綴,TXN,TEXAS INSTRUMENTS INC,TEXAS INSTR,TEXAS A & M UNIV SYS,TEXAS A M UNIV SYS,1122,2010,2025,1,38,21737
CHECK,首詞獨有，但非完整前綴,BB,BLACKBERRY LTD,RES IN MOTION,RESEARCH & BUSINESS FOUND SUNGKYUNKWAN UNIV,RES BUS FOUND SUNGKYUNKWAN UNIV,1095,2015,2025,0,96,16396
CHECK,首詞獨有，但非完整前綴,TM,TOYOTA MOTOR CORP,TOYOTA MOTOR,TOYOTA RES INST INC,TOYOTA RES INST,1049,2017,2025,1,58,4521
CHECK,首詞獨有，但非完整前綴,APTV,APTIV PLC,DELPHI AUTOMOTIVE,DELPHI TECH INC,DELPHI TECH,1017,2010,2018,0,13,53927
CHECK,首詞獨有，但非完整前綴,CRM,SALESFORCE COM INC,SALESFORCE COM,SALESFORCE INC,SALESFORCE,930,2021,2025,1,3,45288
CHECK,首詞獨有，但非完整前綴,SWK,STANLEY BLACK & DECKER INC,STANLEY BLACK DECKER,STANLEY ELECTRIC CO LTD,STANLEY ELEC,894,2010,2025,1,20,21664
CHECK,品牌詞獨有，但多出實詞 COMPUTER ENTERTAINMENT,SNE,SONY CORP,SONY,SONY COMPUTER ENTERTAINMENT INC,SONY COMPUTER ENTERTAINMENT,874,2010,2016,1,62,21633
CHECK,首詞獨有，但非完整前綴,NGG,NATIONAL GRID PLC,NAT GRID,NAT UNIV SINGAPORE,NAT UNIV SINGAPORE,832,2014,2025,1,345,36350
CHECK,首詞獨有，但非完整前綴,TTEK,TETRA TECH INC,TETRA TECH,TETRA LAVAL HOLDINGS & FINANCE,TETRA LAVAL HOLDINGS FINANCE,820,2010,2025,1,6,4589
CHECK,首詞獨有，但非完整前綴,DAL,DELTA AIR LINES INC,DELTA AIR LINES,DELTA ELECTRONICS SHANGHAI CO,DELTA ELECTRONICS SHANGHAI,793,2011,2025,1,53,20569
CHECK,首詞獨有，但非完整前綴,NGG,NATIONAL GRID PLC,NAT GRID,NAT UNIV TSING HUA,NAT UNIV TSING HUA,759,2010,2017,1,345,36350
CHECK,首詞獨有，但非完整前綴,DOW,DOW CHEMICAL CO,DOW CHEM,DOW SILICONES CORP,DOW SILICONES,706,2013,2025,1,36,20597
CHECK,首詞獨有，但非完整前綴,KEP,KOREA ELECTRIC POWER CO,KOREA ELEC POWER,KOREA ELECTRONICS TECHNOLOGY,KOREA ELECTRONICS TECH,687,2010,2025,1,149,30497
CHECK,首詞獨有，但非完整前綴,CHL,CHINA MOBILE LTD,CHINA MOBILE,CHINA PETROLEUM & CHEM CORP,CHINA PETROLEUM CHEM,610,2013,2025,1,167,32104
CHECK,首詞獨有，但非完整前綴,NGG,NATIONAL GRID PLC,NAT GRID,NAT OILWELL VARCO LP,NAT OILWELL VARCO,541,2010,2025,1,345,36350
CHECK,首詞獨有，但非完整前綴,AMD,ADVANCED MICRO DEVICES INC,ADVANCED MICRO DEVICES,ADVANCED NEW TECHNOLOGIES CO LTD,ADVANCED NEW TECH,533,2013,2024,1,340,211
CHECK,首詞獨有，但非完整前綴,CHL,CHINA MOBILE LTD,CHINA MOBILE,CHINA ACADEMY TELECOMMUNICATIONS TECHNOLOGY,CHINA ACADEMY TELECOMMUNICATIONS TECH,504,2014,2020,1,167,32104
CHECK,首詞獨有，但非完整前綴,FLEX,FLEX LTD,FLEXTRONICS INT,FLEXTRONICS AP LLC,FLEXTRONICS AP,474,2010,2024,0,4,12930
CHECK,首詞獨有，但非完整前綴,AMD,ADVANCED MICRO DEVICES INC,ADVANCED MICRO DEVICES,ADVANCED OPTOELECTRONIC TECH,ADVANCED OPTOELECTRONIC TECH,464,2010,2024,1,340,211
CHECK,首詞獨有，但非完整前綴,DOW,DOW CHEMICAL CO,DOW CHEM,DOW CORNING,DOW CORNING,461,2010,2019,1,36,20597
CHECK,品牌詞獨有，但多出實詞 MOBILE COMMUNICATIONS,SNE,SONY CORP,SONY,SONY MOBILE COMMUNICATIONS INC,SONY MOBILE COMMUNICATIONS,461,2013,2025,1,62,21633
CHECK,首詞獨有，但非完整前綴,NGG,NATIONAL GRID PLC,NAT GRID,NAT RES COUNCIL CANADA,NAT RES COUNCIL CANADA,459,2011,2025,1,345,36350
CHECK,首詞獨有，但非完整前綴,NGG,NATIONAL GRID PLC,NAT GRID,NAT INST OF ADVANCED IND SCIEN,NAT INST OF ADVANCED IND SCIEN,458,2010,2016,1,345,36350
CHECK,首詞獨有，但非完整前綴,AMAT,APPLIED MATERIALS INC,APPLIED MATERIALS,APPLIED MED RESOURCES,APPLIED MED RESOURCES,448,2010,2025,1,125,194
CHECK,首詞獨有，但非完整前綴,RDS,ROYAL DUTCH SHELL PLC,ROYAL DUTCH SHELL,ROYAL BANK OF CANADA,ROYAL BANK OF CANADA,443,2010,2025,1,48,47003
CHECK,首詞獨有，但非完整前綴,NGG,NATIONAL GRID PLC,NAT GRID,NAT TECH & ENG SOLUTIONS SANDIA LLC,NAT TECH ENG SOLUTIONS SANDIA,425,2016,2025,1,345,36350
CHECK,首詞獨有，但非完整前綴,MSI,MOTOROLA SOLUTIONS INC,MOTOROLA SOLUTIONS,MOTOROLA MOBILITY INC,MOTOROLA MOBILITY,414,2010,2014,1,4,21230
CHECK,首詞獨有，但非完整前綴,TM,TOYOTA MOTOR CORP,TOYOTA MOTOR,TOYOTA CHUO KENKYUSHO KK,TOYOTA CHUO KENKYUSHO,384,2010,2025,1,58,4521
CHECK,首詞獨有，但非完整前綴,NGG,NATIONAL GRID PLC,NAT GRID,NAT CANCER CT,NAT CANCER CT,382,2010,2025,1,345,36350
CHECK,首詞獨有，但非完整前綴,KEP,KOREA ELECTRIC POWER CO,KOREA ELEC POWER,KOREA RES INST CHEMICAL TECH,KOREA RES INST CHEM TECH,373,2014,2025,1,149,30497
CHECK,首詞獨有，但非完整前綴,AMD,ADVANCED MICRO DEVICES INC,ADVANCED MICRO DEVICES,ADVANCED BIONICS AG,ADVANCED BIONICS,370,2010,2025,1,340,211
CHECK,品牌詞獨有，但多出實詞 AUTOMOTIVE SYS,DAN,DANA INC,DANA,DANA AUTOMOTIVE SYSTEMS GROUP,DANA AUTOMOTIVE SYS,366,2011,2025,1,23,52956
CHECK,首詞獨有，但非完整前綴,EMN,EASTMAN CHEMICAL CO,EASTMAN CHEM,EASTMAN KODAK CO,EASTMAN KODAK,362,2010,2025,1,5,30070
CHECK,首詞獨有，但非完整前綴,IRF,INTERNATIONAL RECTIFIER CORP,INT RECTIFIER,INT PAPER CO,INT PAPER,356,2010,2025,1,114,20996
CHECK,品牌詞獨有，但多出實詞 ON TOOLS,SNAP,SNAP INC,SNAP,SNAP ON TOOLS CORP,SNAP ON TOOLS,355,2010,2022,1,16,55867
CHECK,首詞獨有，但非完整前綴,TMO,THERMO FISHER SCIENTIFIC INC,THERMO FISHER SCIENT,THERMO FINNIGAN LLC,THERMO FINNIGAN,354,2010,2025,1,23,4557
CHECK,首詞獨有，但非完整前綴,ON,ON SEMICONDUCTOR CORP,ON SEMICONDUCTOR,ON BRIGHT ELECTRONICS SHANGHAI CO LTD,ON BRIGHT ELECTRONICS SHANGHAI,353,2010,2024,1,35,37176
CHECK,首詞獨有，但非完整前綴,KEP,KOREA ELECTRIC POWER CO,KOREA ELEC POWER,KOREA ATOMIC ENERGY RES,KOREA ATOMIC ENERGY RES,347,2010,2025,1,149,30497
CHECK,品牌詞獨有，但多出實詞 EDUCATION,PSO,PEARSON PLC,PEARSON,PEARSON EDUCATION INC,PEARSON EDUCATION,344,2012,2025,1,14,39138
CHECK,首詞獨有，但非完整前綴,KEP,KOREA ELECTRIC POWER CO,KOREA ELEC POWER,KOREA ENERGY RESEARCH INST,KOREA ENERGY RES INST,318,2010,2017,1,149,30497
CHECK,首詞獨有，但非完整前綴,NGG,NATIONAL GRID PLC,NAT GRID,NATIONAL YANG MING CHIAO TUNG UNIV,NAT YANG MING CHIAO TUNG UNIV,318,2019,2025,1,345,36350
CHECK,品牌詞獨有，但多出實詞 OLYMPUS MEDICAL SOLUTIONS,SNE,SONY CORP,SONY,SONY OLYMPUS MEDICAL SOLUTIONS INC,SONY OLYMPUS MEDICAL SOLUTIONS,316,2014,2025,1,62,21633
CHECK,品牌詞獨有，但多出實詞 ERICSSON MOBILE COMM,SNE,SONY CORP,SONY,SONY ERICSSON MOBILE COMM AB,SONY ERICSSON MOBILE COMM,312,2010,2014,1,62,21633
CHECK,首詞獨有，但非完整前綴,AMAT,APPLIED MATERIALS INC,APPLIED MATERIALS,APPLIED BIOSYSTEMS LLC,APPLIED BIOSYSTEMS,310,2010,2022,1,125,194
CHECK,首詞獨有，但非完整前綴,AMD,ADVANCED MICRO DEVICES INC,ADVANCED MICRO DEVICES,ADVANCED ENERGY IND INC,ADVANCED ENERGY IND,306,2010,2025,1,340,211
CHECK,首詞獨有，但非完整前綴,TMO,THERMO FISHER SCIENTIFIC INC,THERMO FISHER SCIENT,THERMO KING CORP,THERMO KING,299,2010,2022,1,23,4557
CHECK,首詞獨有，但非完整前綴,AMD,ADVANCED MICRO DEVICES INC,ADVANCED MICRO DEVICES,ADVANCED CONNECTEK INC,ADVANCED CONNECTEK,296,2010,2025,1,340,211
CHECK,首詞獨有，但非完整前綴,UTX,UNITED TECHNOLOGIES CORP,RAYTHEON TECH,RAYTHEON BBN TECHNOLOGIES CORP,RAYTHEON BBN TECH,293,2010,2024,0,11,21832
CHECK,品牌詞獨有，但多出實詞 HEAVY VEHICLE SYS,DAN,DANA INC,DANA,DANA HEAVY VEHICLE SYS GROUP,DANA HEAVY VEHICLE SYS,288,2011,2024,1,23,52956
CHECK,首詞獨有，但非完整前綴,NGG,NATIONAL GRID PLC,NAT GRID,NATIONAL UNIV CORPORATION TOKAI NATIONAL HIGHER EDUCATION AND RESEARCH SYSTEM,NAT UNIV CORPORATION TOKAI NAT HIGHER EDUCATION AND RES SYSTEM,284,2018,2025,1,345,36350
CHECK,品牌詞獨有，但多出實詞 INTERACTIVE ENTERTAINMENT AMER,SNE,SONY CORP,SONY,SONY INTERACTIVE ENTERTAINMENT AMERICA LLC,SONY INTERACTIVE ENTERTAINMENT AMER,284,2015,2023,1,62,21633
CHECK,首詞獨有，但非完整前綴,EW,EDWARDS LIFESCIENCES CORP,EDWARDS LIFESCIENCES,EDWARDS LTD,EDWARDS,282,2010,2025,1,32,36952
CHECK,首詞獨有，但非完整前綴,CHL,CHINA MOBILE LTD,CHINA MOBILE,CHINA ACADEMY OF TELECOMM TECH,CHINA ACADEMY OF TELECOMM TECH,275,2010,2016,1,167,32104
CHECK,首詞獨有，但非完整前綴,BSX,BOSTON SCIENTIFIC CORP,BOSTON SCIENT,BOSTON DYNAMICS INC,BOSTON DYNAMICS,273,2012,2025,1,30,29489
CHECK,首詞獨有，但非完整前綴,APTV,APTIV PLC,DELPHI AUTOMOTIVE,DELPHI TECH IP LTD,DELPHI TECH IP,263,2016,2024,0,13,53927
CHECK,首詞獨有，但非完整前綴,MSI,MOTOROLA SOLUTIONS INC,MOTOROLA SOLUTIONS,MOTOROLA INC,MOTOROLA,262,2010,2014,1,4,21230
CHECK,首詞獨有，但非完整前綴,NGG,NATIONAL GRID PLC,NAT GRID,NAT APPLIED RES LABORATORIES,NAT APPLIED RES LAB,261,2010,2025,1,345,36350
CHECK,首詞獨有，但非完整前綴,NGG,NATIONAL GRID PLC,NAT GRID,NAT INST MATERIALS SCIENCE,NAT INST MATERIALS SCIENT,260,2015,2025,1,345,36350
CHECK,首詞獨有，但非完整前綴,NGG,NATIONAL GRID PLC,NAT GRID,NAT INST INF & COMM TECH,NAT INST INF COMM TECH,258,2010,2025,1,345,36350
CHECK,首詞獨有，但非完整前綴,IRF,INTERNATIONAL RECTIFIER CORP,INT RECTIFIER,INT FLAVORS & FRAGRANCES INC,INT FLAVORS FRAGRANCES,252,2011,2025,1,114,20996
CHECK,首詞獨有，但非完整前綴,KEP,KOREA ELECTRIC POWER CO,KOREA ELEC POWER,KOREA HYDRO & NUCLEAR POWER CO,KOREA HYDRO NUCLEAR POWER,234,2010,2025,1,149,30497
CHECK,首詞獨有，但非完整前綴,KEP,KOREA ELECTRIC POWER CO,KOREA ELEC POWER,KOREA IND TECH INST,KOREA IND TECH INST,233,2010,2017,1,149,30497
CHECK,首詞獨有，但非完整前綴,GSK,GLAXOSMITHKLINE PLC,G S K,G C DENTAL IND CORP,G C DENTAL IND,232,2010,2025,0,78,1973
CHECK,首詞獨有，但非完整前綴,AMD,ADVANCED MICRO DEVICES INC,ADVANCED MICRO DEVICES,ADVANCED NEUROMODULATION SYSTEMS INC,ADVANCED NEUROMODULATION SYS,225,2016,2025,1,340,211
CHECK,品牌詞獨有，但多出實詞 COMP ENTERTAINMENT US,SNE,SONY CORP,SONY,SONY COMP ENTERTAINMENT US,SONY COMP ENTERTAINMENT US,224,2010,2016,1,62,21633
CHECK,品牌詞獨有，但多出實詞 ON,SNAP,SNAP INC,SNAP,SNAP ON INCORPORATED,SNAP ON,222,2015,2025,1,16,55867
CHECK,首詞獨有，但非完整前綴,KEP,KOREA ELECTRIC POWER CO,KOREA ELEC POWER,KOREA AEROSPACE RES INST,KOREA AEROSPACE RES INST,219,2010,2025,1,149,30497
CHECK,首詞獨有，但非完整前綴,BB,BLACKBERRY LTD,RES IN MOTION,RES TRIANGLE INST,RES TRIANGLE INST,215,2010,2025,0,96,16396
CHECK,品牌詞獨有，但多出實詞 ELECTRONICS,SNE,SONY CORP,SONY,SONY ELECTRONICS INC,SONY ELECTRONICS,214,2010,2024,1,62,21633
CHECK,首詞獨有，但非完整前綴,DOW,DOW CHEMICAL CO,DOW CHEM,DOW CORNING TORAY CO LTD,DOW CORNING TORAY,210,2010,2020,1,36,20597
CHECK,首詞獨有，但非完整前綴,KEP,KOREA ELECTRIC POWER CO,KOREA ELEC POWER,KOREA MACH & MATERIALS INST,KOREA MACH MATERIALS INST,206,2010,2017,1,149,30497
CHECK,首詞獨有，但非完整前綴,DOW,DOW CHEMICAL CO,DOW CHEM,DOW TORAY CO LTD,DOW TORAY,205,2017,2024,1,36,20597
CHECK,品牌詞獨有，但多出實詞 CORP AMER,SNE,SONY CORP,SONY,SONY CORP AMERICA,SONY CORP AMER,205,2010,2025,1,62,21633
CHECK,首詞獨有，但非完整前綴,WDC,WESTERN DIGITAL CORP,WESTERN DIGITAL,WESTERN UNION CO,WESTERN UNION,202,2010,2025,1,38,4879
CHECK,首詞獨有，但非完整前綴,AMD,ADVANCED MICRO DEVICES INC,ADVANCED MICRO DEVICES,ADVANCED TECH MATERIALS,ADVANCED TECH MATERIALS,201,2010,2016,1,340,211
CHECK,首詞獨有，但非完整前綴,IRF,INTERNATIONAL RECTIFIER CORP,INT RECTIFIER,INT ENGINE INTELLECTUAL PROP,INT ENGINE INTELLECTUAL PROP,199,2010,2015,1,114,20996
CHECK,首詞獨有，但非完整前綴,BB,BLACKBERRY LTD,RES IN MOTION,RES INST NATIONWIDE CHILDRENS HOSPITAL,RES INST NATIONWIDE CHILDRENS HOSPITAL,196,2012,2025,0,96,16396
CHECK,品牌詞獨有，但多出實詞 MOBILE COMM,SNE,SONY CORP,SONY,SONY MOBILE COMM AB,SONY MOBILE COMM,193,2010,2017,1,62,21633
CHECK,首詞獨有，但非完整前綴,DAL,DELTA AIR LINES INC,DELTA AIR LINES,DELTA FAUCET CO,DELTA FAUCET,192,2015,2025,1,53,20569
CHECK,首詞獨有，但非完整前綴,NGG,NATIONAL GRID PLC,NAT GRID,NAT UNIV PUSAN IND UNIV COOP FOUND,NAT UNIV PUSAN IND UNIV COOP FOUND,192,2016,2025,1,345,36350
CHECK,首詞獨有，但非完整前綴,RDS,ROYAL DUTCH SHELL PLC,ROYAL DUTCH SHELL,THE ROYAL INSTITUTION FOR THE ADVANCEMENT OF LEARNING/MCGILL UNIV,ROYAL INSTITUTION FOR THE ADVANCEMENT OF LEARNING MCGILL UNIV,189,2016,2025,1,48,47003
CHECK,首詞獨有，但非完整前綴,HRBN,HARBIN ELECTRIC INC,HARBIN ELEC,HARBIN INST TECHNOLOGY,HARBIN INST TECH,185,2016,2025,1,9,51655
CHECK,首詞獨有，但非完整前綴,NGG,NATIONAL GRID PLC,NAT GRID,NAT INST FOR MATERIALS SCIENCE,NAT INST FOR MATERIALS SCIENT,185,2010,2017,1,345,36350
CHECK,首詞獨有，但非完整前綴,KEP,KOREA ELECTRIC POWER CO,KOREA ELEC POWER,KOREA RES INST STANDARDS & SCI,KOREA RES INST STANDARDS SCI,181,2013,2025,1,149,30497
CHECK,首詞獨有，但非完整前綴,NGG,NATIONAL GRID PLC,NAT GRID,NAT INSTR CORP,NAT INSTR,181,2012,2017,1,345,36350
CHECK,首詞獨有，但非完整前綴,NGG,NATIONAL GRID PLC,NAT GRID,NAT CHUNG SHAN INST SCIENCE & TECH,NAT CHUNG SHAN INST SCIENT TECH,178,2016,2025,1,345,36350
CHECK,首詞獨有，但非完整前綴,UBX,UNITY BIOTECHNOLOGY INC,UNITY BIOTECHNOLOGY,UNITY SEMICONDUCTOR CORP,UNITY SEMICONDUCTOR,177,2010,2022,1,10,56381
CHECK,品牌詞獨有，但多出實詞 PLUS,LN,LINE CORP,LINE,LINE PLUS CORP,LINE PLUS,176,2015,2025,1,8,55609
CHECK,首詞獨有，但非完整前綴,HPE,HEWLETT PACKARD ENTERPRISE CO,HEWLETT PACKARD ENTPR,HEWLETT PACKARD INDIGO BV,HEWLETT PACKARD INDIGO,172,2010,2022,1,19,55421
CHECK,首詞獨有，但非完整前綴,BB,BLACKBERRY LTD,RES IN MOTION,RES INST IND SCIENCE & TECH,RES INST IND SCIENT TECH,166,2010,2025,0,96,16396
CHECK,首詞獨有，但非完整前綴,CGIX,CANCER GENETICS INC,CANCER GENETICS,CANCER RESEARCH TECH LTD,CANCER RES TECH,166,2015,2025,1,17,54507
CHECK,首詞獨有，但非完整前綴,EW,EDWARDS LIFESCIENCES CORP,EDWARDS LIFESCIENCES,EDWARDS JAPAN LTD,EDWARDS JAPAN,165,2010,2024,1,32,36952
CHECK,首詞獨有，但非完整前綴,NGG,NATIONAL GRID PLC,NAT GRID,NAT SEMICONDUCTOR CORP,NAT SEMICONDUCTOR,165,2010,2017,1,345,36350
CHECK,首詞獨有，但非完整前綴,CHL,CHINA MOBILE LTD,CHINA MOBILE,CHINA UNIONPAY CO LTD,CHINA UNIONPAY,164,2011,2023,1,167,32104
CHECK,首詞獨有，但非完整前綴,KEP,KOREA ELECTRIC POWER CO,KOREA ELEC POWER,KOREA INST ENERGY RES,KOREA INST ENERGY RES,164,2015,2025,1,149,30497
CHECK,首詞獨有，但非完整前綴,KEP,KOREA ELECTRIC POWER CO,KOREA ELEC POWER,KOREA RES INST BIOSCIENCE & BIOTECHNOLOGY,KOREA RES INST BIOSCIENCE BIOTECHNOLOGY,162,2013,2025,1,149,30497
CHECK,首詞獨有，但非完整前綴,KEP,KOREA ELECTRIC POWER CO,KOREA ELEC POWER,KOREA INST GEOSCIENCE & MINERA,KOREA INST GEOSCIENCE MINERA,161,2010,2015,1,149,30497
CHECK,首詞獨有，但非完整前綴,XRAY,DENTSPLY SIRONA INC,DENTSPLY SIRONA,DENTSPLY INT INC,DENTSPLY INT,161,2010,2017,1,6,9424
CHECK,首詞獨有，但非完整前綴,ANTM,ANTHEM INC,ELEVANCE HEALTH,ELEVANCE RENEWABLE SCIENCES,ELEVANCE RENEWABLE SCIENT,155,2011,2020,0,1,42273
CHECK,首詞獨有，但非完整前綴,KEP,KOREA ELECTRIC POWER CO,KOREA ELEC POWER,KOREA BASIC SCIENCE INST,KOREA BASIC SCIENT INST,155,2010,2025,1,149,30497
CHECK,品牌詞獨有，但多出實詞 NETWORK ENTERTAINMENT INT,SNE,SONY CORP,SONY,SONY NETWORK ENTERTAINMENT INT,SONY NETWORK ENTERTAINMENT INT,153,2010,2015,1,62,21633
CHECK,首詞獨有，但非完整前綴,KEP,KOREA ELECTRIC POWER CO,KOREA ELEC POWER,KOREA INST MACH & MATERIALS,KOREA INST MACH MATERIALS,152,2015,2024,1,149,30497
CHECK,首詞獨有，但非完整前綴,NGG,NATIONAL GRID PLC,NAT GRID,NAT INST ADVANCED IND SCIENCE & TECH,NAT INST ADVANCED IND SCIENT TECH,152,2014,2017,1,345,36350
CHECK,首詞獨有，但非完整前綴,CHL,CHINA MOBILE LTD,CHINA MOBILE,CHINA PETROLEUM & CHEMICAL,CHINA PETROLEUM CHEM,150,2010,2015,1,167,32104
CHECK,首詞獨有，但非完整前綴,TM,TOYOTA MOTOR CORP,TOYOTA MOTOR,TOYOTA TEKKO KK,TOYOTA TEKKO,148,2010,2025,1,58,4521
CHECK,首詞獨有，但非完整前綴,TTNP,TITAN PHARMACEUTICALS INC DEL,TITAN PHARMACEUTICALS INC DEL,TITAN MED INC,TITAN MED,147,2012,2024,1,27,14293
CHECK,首詞獨有，但非完整前綴,NGG,NATIONAL GRID PLC,NAT GRID,NAT UNIV PUKYONG IND UNIV COOP FOUND,NAT UNIV PUKYONG IND UNIV COOP FOUND,142,2015,2025,1,345,36350
CHECK,首詞獨有，但非完整前綴,NGG,NATIONAL GRID PLC,NAT GRID,NAT JEWISH HEALTH,NAT JEWISH HEALTH,139,2010,2025,1,345,36350
CHECK,首詞獨有，但非完整前綴,TDY,TELEDYNE TECHNOLOGIES,TELEDYNE TECH,TELEDYNE SCIENT & IMAGING LLC,TELEDYNE SCIENT IMAGING,138,2010,2025,1,25,36380
CHECK,首詞獨有，但非完整前綴,AMAT,APPLIED MATERIALS INC,APPLIED MATERIALS,APPLIED OPTOELECTRONICS INC,APPLIED OPTOELECTRONICS,136,2010,2025,1,125,194
CHECK,品牌詞獨有，但多出實詞 BELGIUM,DAN,DANA INC,DANA,DANA BELGIUM NV,DANA BELGIUM,136,2013,2025,1,23,52956
CHECK,首詞獨有，但非完整前綴,HD,HOME DEPOT INC,HOME DEPOT,HOME BOX OFFICE INC,HOME BOX OFFICE,136,2010,2024,1,17,5085
CHECK,首詞獨有，但非完整前綴,KEP,KOREA ELECTRIC POWER CO,KOREA ELEC POWER,KOREA INST OCEAN SCI & TECH,KOREA INST OCEAN SCI TECH,136,2012,2025,1,149,30497
CHECK,品牌詞獨有，但多出實詞 ITALIA,DAN,DANA INC,DANA,DANA ITALIA SRL,DANA ITALIA,135,2016,2025,1,23,52956
CHECK,首詞獨有，但非完整前綴,KEP,KOREA ELECTRIC POWER CO,KOREA ELEC POWER,KOREA RES INST OF BIOSCIENCE,KOREA RES INST OF BIOSCIENCE,134,2010,2016,1,149,30497
CHECK,首詞獨有，但非完整前綴,NEE,NEXTERA ENERGY INC,F P L,F SECURE CORP,F SECURE,132,2010,2023,0,42,20684
CHECK,首詞獨有，但非完整前綴,AMD,ADVANCED MICRO DEVICES INC,ADVANCED MICRO DEVICES,ADVANCED LIQUID LOGIC INC,ADVANCED LIQUID LOGIC,131,2010,2025,1,340,211
CHECK,首詞獨有，但非完整前綴,NGG,NATIONAL GRID PLC,NAT GRID,NATIONAL SUN YAT SEN UNIVERSITY,NAT SUN YAT SEN UNIV,130,2016,2025,1,345,36350
CHECK,首詞獨有，但非完整前綴,BB,BLACKBERRY LTD,RES IN MOTION,RES INST ELECTRONICS & TELECOMM,RES INST ELECTRONICS TELECOMM,127,2012,2013,0,96,16396
CHECK,首詞獨有，但非完整前綴,KEP,KOREA ELECTRIC POWER CO,KOREA ELEC POWER,KOREA INST IND TECH,KOREA INST IND TECH,127,2014,2025,1,149,30497
CHECK,首詞獨有，但非完整前綴,AMD,ADVANCED MICRO DEVICES INC,ADVANCED MICRO DEVICES,ADVANCED DIGITAL BROADCAST SA,ADVANCED DIGITAL BROADCAST,121,2010,2023,1,340,211
CHECK,首詞獨有，但非完整前綴,APTV,APTIV PLC,DELPHI AUTOMOTIVE,DELPHI INT OPERATIONS LUXEMBOURG SARL,DELPHI INT OPERATIONS LUXEMBOURG,121,2012,2018,0,13,53927
CHECK,首詞獨有，但非完整前綴,NGG,NATIONAL GRID PLC,NAT GRID,NAT UNIV IRELAND GALWAY,NAT UNIV IRELAND GALWAY,120,2014,2025,1,345,36350
CHECK,首詞獨有，但非完整前綴,NGG,NATIONAL GRID PLC,NAT GRID,NAT UNIV GYEONGSANG IACF,NAT UNIV GYEONGSANG IACF,119,2010,2025,1,345,36350
CHECK,首詞獨有，但非完整前綴,SWKS,SKYWORKS SOLUTIONS INC,SKYWORKS SOLUTIONS,SKYWORKS GLOBAL PTE LTD,SKYWORKS GLOBAL,119,2019,2025,1,4,20058
CHECK,首詞獨有，但非完整前綴,NGG,NATIONAL GRID PLC,NAT GRID,NAT INSTRUMENTS CORP,NAT INSTR,117,2011,2025,1,345,36350
CHECK,首詞獨有，但非完整前綴,AMD,ADVANCED MICRO DEVICES INC,ADVANCED MICRO DEVICES,ADVANCED CARDIOVASCULAR SYSTEM,ADVANCED CARDIOVASCULAR SYSTEM,116,2010,2015,1,340,211
CHECK,首詞獨有，但非完整前綴,TM,TOYOTA MOTOR CORP,TOYOTA MOTOR,TOYOTA AUTO BODY CO LTD,TOYOTA AUTO BODY,115,2010,2022,1,58,4521
CHECK,首詞獨有，但非完整前綴,CHL,CHINA MOBILE LTD,CHINA MOBILE,CHINA NAT PETROLEUM CORP,CHINA NAT PETROLEUM,113,2010,2025,1,167,32104
CHECK,首詞獨有，但非完整前綴,NGG,NATIONAL GRID PLC,NAT GRID,NATIONAL HEALTH RES INST,NAT HEALTH RES INST,109,2015,2025,1,345,36350
CHECK,首詞獨有，但非完整前綴,NGG,NATIONAL GRID PLC,NAT GRID,NAT UNIV CHUNG CHENG,NAT UNIV CHUNG CHENG,107,2010,2016,1,345,36350
CHECK,首詞獨有，但非完整前綴,APTV,APTIV PLC,DELPHI AUTOMOTIVE,DELPHI TECH LLC,DELPHI TECH,105,2016,2021,0,13,53927
CHECK,首詞獨有，但非完整前綴,DOW,DOW CHEMICAL CO,DOW CHEM,DOW GLOBAL TECHNOLOGIES INC,DOW GLOBAL TECH,105,2010,2020,1,36,20597
CHECK,首詞獨有，但非完整前綴,CAH,CARDINAL HEALTH INC,CARDINAL HEALTH,CARDINAL CG CO,CARDINAL CG,103,2010,2025,1,8,6262
CHECK,首詞獨有，但非完整前綴,AMAT,APPLIED MATERIALS INC,APPLIED MATERIALS,APPLIED RES ASSOCIATES INC,APPLIED RES ASSOCIATES,101,2010,2025,1,125,194
CHECK,首詞獨有，但非完整前綴,BB,BLACKBERRY LTD,RES IN MOTION,RES & INNOVATION UK,RES INNOVATION UK,101,2016,2025,0,96,16396
CHECK,首詞獨有，但非完整前綴,NGG,NATIONAL GRID PLC,NAT GRID,NAT UNIV CORP YOKOHAMA NAT UNIV,NAT UNIV CORP YOKOHAMA NAT UNIV,100,2014,2025,1,345,36350
EXCLUDE,首詞GEN為4家共用，第二詞不同,GD,GENERAL DYNAMICS CORP,GEN DYNAMICS,GEN ELECTRIC,GEN ELEC,23212,2010,2025,4,607,20791
EXCLUDE,首詞GEN為4家共用，第二詞不同,GIS,GENERAL MILLS INC,GEN MILLS,GEN ELECTRIC,GEN ELEC,23212,2010,2025,4,607,20798
EXCLUDE,首詞GEN為4家共用，第二詞不同,GM,GENERAL MOTORS CO,GEN MOTORS,GEN ELECTRIC,GEN ELEC,23212,2010,2025,4,607,53554
EXCLUDE,首詞GEN為4家共用，第二詞不同,SYMC,SYMANTEC CORP,GEN DIGITAL,GEN ELECTRIC,GEN ELEC,23212,2010,2025,4,607,10224
EXCLUDE,首詞UNITED為3家共用，第二詞不同,UMC,UNITED MICROELECTRONICS CORP,UNITED MICROELECTRONICS,UNITED TECHNOLOGIES CORP,UNITED TECH,7188,2010,2024,3,345,39148
EXCLUDE,首詞UNITED為3家共用，第二詞不同,UPS,UNITED PARCEL SERVICE INC,UNITED PARCEL SERVICE,UNITED TECHNOLOGIES CORP,UNITED TECH,7188,2010,2024,3,345,36383
EXCLUDE,首詞UNITED為3家共用，第二詞不同,UPS,UNITED PARCEL SERVICE INC,UNITED PARCEL SERVICE,UNITED MICROELECTRONICS CORP,UNITED MICROELECTRONICS,3944,2010,2025,3,345,36383
EXCLUDE,首詞UNITED為3家共用，第二詞不同,UTX,UNITED TECHNOLOGIES CORP,UNITED TECH,UNITED MICROELECTRONICS CORP,UNITED MICROELECTRONICS,3944,2010,2025,3,345,21832
EXCLUDE,首詞JOHNSON為2家共用，第二詞不同,JNJ,JOHNSON & JOHNSON,JOHNSON JOHNSON,JOHNSON CONTROLS TECH CO,JOHNSON CONTROLS TECH,2174,2010,2025,2,440,21018
EXCLUDE,首詞JOHNSON為2家共用，第二詞不同,JCI,JOHNSON CONTROLS INC,JOHNSON CONTROLS,JOHNSON MATTHEY PLC,JOHNSON MATTHEY,1012,2010,2025,2,440,21019
EXCLUDE,首詞JOHNSON為2家共用，第二詞不同,JNJ,JOHNSON & JOHNSON,JOHNSON JOHNSON,JOHNSON MATTHEY PLC,JOHNSON MATTHEY,1012,2010,2025,2,440,21018
EXCLUDE,首詞GEN為4家共用，第二詞不同,GD,GENERAL DYNAMICS CORP,GEN DYNAMICS,GEN HOSPITAL CORP,GEN HOSPITAL,772,2010,2016,4,607,20791
EXCLUDE,首詞GEN為4家共用，第二詞不同,GE,GENERAL ELECTRIC CO,GEN ELEC,GEN HOSPITAL CORP,GEN HOSPITAL,772,2010,2016,4,607,20792
EXCLUDE,首詞GEN為4家共用，第二詞不同,GIS,GENERAL MILLS INC,GEN MILLS,GEN HOSPITAL CORP,GEN HOSPITAL,772,2010,2016,4,607,20798
EXCLUDE,首詞GEN為4家共用，第二詞不同,GM,GENERAL MOTORS CO,GEN MOTORS,GEN HOSPITAL CORP,GEN HOSPITAL,772,2010,2016,4,607,53554
EXCLUDE,首詞GEN為4家共用，第二詞不同,SYMC,SYMANTEC CORP,GEN DIGITAL,GEN HOSPITAL CORP,GEN HOSPITAL,772,2010,2016,4,607,10224
EXCLUDE,首詞AMER為3家共用，第二詞不同,AMSC,AMERICAN SUPERCONDUCTOR CORP,AMER SUPERCONDUCTOR,AMERICAN EXPRESS TRAVEL RELATED SERVICES CO INC,AMER EXPRESS TRAVEL RELATED SERVICES,727,2015,2025,3,512,11248
EXCLUDE,首詞AMER為3家共用，第二詞不同,AS,AMER SPORTS INC,AMER SPORTS,AMERICAN EXPRESS TRAVEL RELATED SERVICES CO INC,AMER EXPRESS TRAVEL RELATED SERVICES,727,2015,2025,3,512,59796
EXCLUDE,首詞JOHNSON為2家共用，第二詞不同,JCI,JOHNSON CONTROLS INC,JOHNSON CONTROLS,JOHNSON & JOHNSON VISION CARE,JOHNSON JOHNSON VISION CARE,707,2012,2025,2,440,21019
EXCLUDE,首詞JOHNSON為2家共用，第二詞不同,JNJ,JOHNSON & JOHNSON,JOHNSON JOHNSON,Johnson Controls Tyco IP Holdings LLP,JOHNSON CONTROLS TYCO IP,707,2019,2024,2,440,21018
EXCLUDE,首詞AMER為3家共用，第二詞不同,AMSC,AMERICAN SUPERCONDUCTOR CORP,AMER SUPERCONDUCTOR,AMERICAN EXPRESS TRAVEL RELATE,AMER EXPRESS TRAVEL RELATE,604,2010,2016,3,512,11248
EXCLUDE,首詞AMER為3家共用，第二詞不同,AS,AMER SPORTS INC,AMER SPORTS,AMERICAN EXPRESS TRAVEL RELATE,AMER EXPRESS TRAVEL RELATE,604,2010,2016,3,512,59796
EXCLUDE,首詞GEN為4家共用，第二詞不同,GD,GENERAL DYNAMICS CORP,GEN DYNAMICS,GEN PROBE INC,GEN PROBE,570,2010,2025,4,607,20791
EXCLUDE,首詞GEN為4家共用，第二詞不同,GE,GENERAL ELECTRIC CO,GEN ELEC,GEN PROBE INC,GEN PROBE,570,2010,2025,4,607,20792
EXCLUDE,首詞GEN為4家共用，第二詞不同,GIS,GENERAL MILLS INC,GEN MILLS,GEN PROBE INC,GEN PROBE,570,2010,2025,4,607,20798
EXCLUDE,首詞GEN為4家共用，第二詞不同,GM,GENERAL MOTORS CO,GEN MOTORS,GEN PROBE INC,GEN PROBE,570,2010,2025,4,607,53554
EXCLUDE,首詞GEN為4家共用，第二詞不同,SYMC,SYMANTEC CORP,GEN DIGITAL,GEN PROBE INC,GEN PROBE,570,2010,2025,4,607,10224
EXCLUDE,首詞GEN為4家共用，第二詞不同,GD,GENERAL DYNAMICS CORP,GEN DYNAMICS,GENERAL ELECTRIC TECHNOLOGY GMBH,GEN ELEC TECH,548,2013,2024,4,607,20791
EXCLUDE,首詞GEN為4家共用，第二詞不同,GIS,GENERAL MILLS INC,GEN MILLS,GENERAL ELECTRIC TECHNOLOGY GMBH,GEN ELEC TECH,548,2013,2024,4,607,20798
EXCLUDE,首詞GEN為4家共用，第二詞不同,GM,GENERAL MOTORS CO,GEN MOTORS,GENERAL ELECTRIC TECHNOLOGY GMBH,GEN ELEC TECH,548,2013,2024,4,607,53554
EXCLUDE,首詞GEN為4家共用，第二詞不同,SYMC,SYMANTEC CORP,GEN DIGITAL,GENERAL ELECTRIC TECHNOLOGY GMBH,GEN ELEC TECH,548,2013,2024,4,607,10224
EXCLUDE,首詞JOHNSON為2家共用，第二詞不同,JCI,JOHNSON CONTROLS INC,JOHNSON CONTROLS,JOHNSON ELECTRIC SA,JOHNSON ELEC,537,2010,2018,2,440,21019
EXCLUDE,首詞JOHNSON為2家共用，第二詞不同,JNJ,JOHNSON & JOHNSON,JOHNSON JOHNSON,JOHNSON ELECTRIC SA,JOHNSON ELEC,537,2010,2018,2,440,21018
EXCLUDE,首詞GEN為4家共用，第二詞不同,GD,GENERAL DYNAMICS CORP,GEN DYNAMICS,GEN INSTRUMENT CORP,GEN INSTRUMENT,518,2010,2014,4,607,20791
EXCLUDE,首詞GEN為4家共用，第二詞不同,GE,GENERAL ELECTRIC CO,GEN ELEC,GEN INSTRUMENT CORP,GEN INSTRUMENT,518,2010,2014,4,607,20792
EXCLUDE,首詞GEN為4家共用，第二詞不同,GIS,GENERAL MILLS INC,GEN MILLS,GEN INSTRUMENT CORP,GEN INSTRUMENT,518,2010,2014,4,607,20798
EXCLUDE,首詞GEN為4家共用，第二詞不同,GM,GENERAL MOTORS CO,GEN MOTORS,GEN INSTRUMENT CORP,GEN INSTRUMENT,518,2010,2014,4,607,53554
EXCLUDE,首詞GEN為4家共用，第二詞不同,SYMC,SYMANTEC CORP,GEN DIGITAL,GEN INSTRUMENT CORP,GEN INSTRUMENT,518,2010,2014,4,607,10224
EXCLUDE,首詞UNITED為3家共用，第二詞不同,UMC,UNITED MICROELECTRONICS CORP,UNITED MICROELECTRONICS,UNITED STATES POSTAL SERVICE,UNITED STATES POSTAL SERVICE,478,2016,2025,3,345,39148
EXCLUDE,首詞UNITED為3家共用，第二詞不同,UPS,UNITED PARCEL SERVICE INC,UNITED PARCEL SERVICE,UNITED STATES POSTAL SERVICE,UNITED STATES POSTAL SERVICE,478,2016,2025,3,345,36383
EXCLUDE,首詞UNITED為3家共用，第二詞不同,UTX,UNITED TECHNOLOGIES CORP,UNITED TECH,UNITED STATES POSTAL SERVICE,UNITED STATES POSTAL SERVICE,478,2016,2025,3,345,21832
EXCLUDE,首詞UNITED為3家共用，第二詞不同,UMC,UNITED MICROELECTRONICS CORP,UNITED MICROELECTRONICS,UNITED VIDEO PROPERTIES INC,UNITED VIDEO PROPERTIES,449,2010,2014,3,345,39148
EXCLUDE,首詞UNITED為3家共用，第二詞不同,UPS,UNITED PARCEL SERVICE INC,UNITED PARCEL SERVICE,UNITED VIDEO PROPERTIES INC,UNITED VIDEO PROPERTIES,449,2010,2014,3,345,36383
EXCLUDE,首詞UNITED為3家共用，第二詞不同,UTX,UNITED TECHNOLOGIES CORP,UNITED TECH,UNITED VIDEO PROPERTIES INC,UNITED VIDEO PROPERTIES,449,2010,2014,3,345,21832
EXCLUDE,首詞UNITED為3家共用，第二詞不同,UMC,UNITED MICROELECTRONICS CORP,UNITED MICROELECTRONICS,United parcel service america inc,UNITED PARCEL SERVICE AMER,434,2015,2025,3,345,39148
EXCLUDE,首詞UNITED為3家共用，第二詞不同,UTX,UNITED TECHNOLOGIES CORP,UNITED TECH,United parcel service america inc,UNITED PARCEL SERVICE AMER,434,2015,2025,3,345,21832
EXCLUDE,首詞JOHNSON為2家共用，第二詞不同,JCI,JOHNSON CONTROLS INC,JOHNSON CONTROLS,JOHNSON & JOHNSON CONSUMER INC,JOHNSON JOHNSON CONSUMER,415,2014,2024,2,440,21019
EXCLUDE,首詞GEN為4家共用，第二詞不同,GD,GENERAL DYNAMICS CORP,GEN DYNAMICS,GEN MOTORS LLC,GEN MOTORS,401,2010,2021,4,607,20791
EXCLUDE,首詞GEN為4家共用，第二詞不同,GE,GENERAL ELECTRIC CO,GEN ELEC,GEN MOTORS LLC,GEN MOTORS,401,2010,2021,4,607,20792
EXCLUDE,首詞GEN為4家共用，第二詞不同,GIS,GENERAL MILLS INC,GEN MILLS,GEN MOTORS LLC,GEN MOTORS,401,2010,2021,4,607,20798
EXCLUDE,首詞GEN為4家共用，第二詞不同,SYMC,SYMANTEC CORP,GEN DIGITAL,GEN MOTORS LLC,GEN MOTORS,401,2010,2021,4,607,10224
EXCLUDE,首詞JOHNSON為2家共用，第二詞不同,JCI,JOHNSON CONTROLS INC,JOHNSON CONTROLS,JOHNSON & SON INC S C,JOHNSON SON INC S C,368,2010,2025,2,440,21019
EXCLUDE,首詞JOHNSON為2家共用，第二詞不同,JNJ,JOHNSON & JOHNSON,JOHNSON JOHNSON,JOHNSON & SON INC S C,JOHNSON SON INC S C,368,2010,2025,2,440,21018
EXCLUDE,首詞UNITED為3家共用，第二詞不同,UMC,UNITED MICROELECTRONICS CORP,UNITED MICROELECTRONICS,UNITED STATES GYPSUM CO,UNITED STATES GYPSUM,357,2010,2025,3,345,39148
EXCLUDE,首詞UNITED為3家共用，第二詞不同,UPS,UNITED PARCEL SERVICE INC,UNITED PARCEL SERVICE,UNITED STATES GYPSUM CO,UNITED STATES GYPSUM,357,2010,2025,3,345,36383
EXCLUDE,首詞UNITED為3家共用，第二詞不同,UTX,UNITED TECHNOLOGIES CORP,UNITED TECH,UNITED STATES GYPSUM CO,UNITED STATES GYPSUM,357,2010,2025,3,345,21832
EXCLUDE,首詞GEN為4家共用，第二詞不同,GD,GENERAL DYNAMICS CORP,GEN DYNAMICS,GEN MILLS INC,GEN MILLS,344,2010,2025,4,607,20791
EXCLUDE,首詞GEN為4家共用，第二詞不同,GE,GENERAL ELECTRIC CO,GEN ELEC,GEN MILLS INC,GEN MILLS,344,2010,2025,4,607,20792
EXCLUDE,首詞GEN為4家共用，第二詞不同,GM,GENERAL MOTORS CO,GEN MOTORS,GEN MILLS INC,GEN MILLS,344,2010,2025,4,607,53554
EXCLUDE,首詞GEN為4家共用，第二詞不同,SYMC,SYMANTEC CORP,GEN DIGITAL,GEN MILLS INC,GEN MILLS,344,2010,2025,4,607,10224
EXCLUDE,首詞UNITED為3家共用，第二詞不同,UMC,UNITED MICROELECTRONICS CORP,UNITED MICROELECTRONICS,UNITED PARCEL SERVICE INC,UNITED PARCEL SERVICE,279,2010,2024,3,345,39148
EXCLUDE,首詞UNITED為3家共用，第二詞不同,UTX,UNITED TECHNOLOGIES CORP,UNITED TECH,UNITED PARCEL SERVICE INC,UNITED PARCEL SERVICE,279,2010,2024,3,345,21832
EXCLUDE,首詞AMER為3家共用，第二詞不同,AMSC,AMERICAN SUPERCONDUCTOR CORP,AMER SUPERCONDUCTOR,AMERICAN MEGATRENDS INC,AMER MEGATRENDS,261,2010,2019,3,512,11248
EXCLUDE,首詞AMER為3家共用，第二詞不同,AS,AMER SPORTS INC,AMER SPORTS,AMERICAN MEGATRENDS INC,AMER MEGATRENDS,261,2010,2019,3,512,59796
EXCLUDE,首詞AMER為3家共用，第二詞不同,AXP,AMERICAN EXPRESS CO,AMER EXPRESS,AMERICAN MEGATRENDS INC,AMER MEGATRENDS,261,2010,2019,3,512,90
EXCLUDE,首詞AMER為3家共用，第二詞不同,AMSC,AMERICAN SUPERCONDUCTOR CORP,AMER SUPERCONDUCTOR,AMERICAN AXLE & MFG INC,AMER AXLE MFG,260,2010,2025,3,512,11248
EXCLUDE,首詞AMER為3家共用，第二詞不同,AS,AMER SPORTS INC,AMER SPORTS,AMERICAN AXLE & MFG INC,AMER AXLE MFG,260,2010,2025,3,512,59796
EXCLUDE,首詞AMER為3家共用，第二詞不同,AXP,AMERICAN EXPRESS CO,AMER EXPRESS,AMERICAN AXLE & MFG INC,AMER AXLE MFG,260,2010,2025,3,512,90
EXCLUDE,首詞JOHNSON為2家共用，第二詞不同,JCI,JOHNSON CONTROLS INC,JOHNSON CONTROLS,JOHNSON & JOHNSON SURGICAL VISION INC,JOHNSON JOHNSON SURGICAL VISION,250,2018,2025,2,440,21019
EXCLUDE,首詞GEN為4家共用，第二詞不同,GD,GENERAL DYNAMICS CORP,GEN DYNAMICS,GENERAL ELECTRIC RENOVABLES ESPANA SL,GEN ELEC RENOVABLES ESPANA SL,206,2018,2024,4,607,20791
EXCLUDE,首詞GEN為4家共用，第二詞不同,GIS,GENERAL MILLS INC,GEN MILLS,GENERAL ELECTRIC RENOVABLES ESPANA SL,GEN ELEC RENOVABLES ESPANA SL,206,2018,2024,4,607,20798
EXCLUDE,首詞GEN為4家共用，第二詞不同,GM,GENERAL MOTORS CO,GEN MOTORS,GENERAL ELECTRIC RENOVABLES ESPANA SL,GEN ELEC RENOVABLES ESPANA SL,206,2018,2024,4,607,53554
EXCLUDE,首詞GEN為4家共用，第二詞不同,SYMC,SYMANTEC CORP,GEN DIGITAL,GENERAL ELECTRIC RENOVABLES ESPANA SL,GEN ELEC RENOVABLES ESPANA SL,206,2018,2024,4,607,10224
EXCLUDE,首詞AMER為3家共用，第二詞不同,AMSC,AMERICAN SUPERCONDUCTOR CORP,AMER SUPERCONDUCTOR,AMERICAN STERILIZER CO,AMER STERILIZER,202,2010,2025,3,512,11248
EXCLUDE,首詞AMER為3家共用，第二詞不同,AS,AMER SPORTS INC,AMER SPORTS,AMERICAN STERILIZER CO,AMER STERILIZER,202,2010,2025,3,512,59796
EXCLUDE,首詞AMER為3家共用，第二詞不同,AXP,AMERICAN EXPRESS CO,AMER EXPRESS,AMERICAN STERILIZER CO,AMER STERILIZER,202,2010,2025,3,512,90
EXCLUDE,首詞GEN為4家共用，第二詞不同,GD,GENERAL DYNAMICS CORP,GEN DYNAMICS,GENERAL INTERFACE SOLUTION LTD,GEN INTERFACE SOLUTION,199,2015,2024,4,607,20791
EXCLUDE,首詞GEN為4家共用，第二詞不同,GE,GENERAL ELECTRIC CO,GEN ELEC,GENERAL INTERFACE SOLUTION LTD,GEN INTERFACE SOLUTION,199,2015,2024,4,607,20792
EXCLUDE,首詞GEN為4家共用，第二詞不同,GIS,GENERAL MILLS INC,GEN MILLS,GENERAL INTERFACE SOLUTION LTD,GEN INTERFACE SOLUTION,199,2015,2024,4,607,20798
EXCLUDE,首詞GEN為4家共用，第二詞不同,GM,GENERAL MOTORS CO,GEN MOTORS,GENERAL INTERFACE SOLUTION LTD,GEN INTERFACE SOLUTION,199,2015,2024,4,607,53554
EXCLUDE,首詞GEN為4家共用，第二詞不同,SYMC,SYMANTEC CORP,GEN DIGITAL,GENERAL INTERFACE SOLUTION LTD,GEN INTERFACE SOLUTION,199,2015,2024,4,607,10224
EXCLUDE,首詞UNITED為3家共用，第二詞不同,UMC,UNITED MICROELECTRONICS CORP,UNITED MICROELECTRONICS,UNITED THERAPEUTICS CORP,UNITED THERAPEUTICS,180,2010,2025,3,345,39148
EXCLUDE,首詞UNITED為3家共用，第二詞不同,UPS,UNITED PARCEL SERVICE INC,UNITED PARCEL SERVICE,UNITED THERAPEUTICS CORP,UNITED THERAPEUTICS,180,2010,2025,3,345,36383
EXCLUDE,首詞UNITED為3家共用，第二詞不同,UTX,UNITED TECHNOLOGIES CORP,UNITED TECH,UNITED THERAPEUTICS CORP,UNITED THERAPEUTICS,180,2010,2025,3,345,21832
EXCLUDE,首詞JOHNSON為2家共用，第二詞不同,JNJ,JOHNSON & JOHNSON,JOHNSON JOHNSON,JOHNSON CONTROLS GMBH,JOHNSON CONTROLS,131,2010,2016,2,440,21018
EXCLUDE,首詞AMER為3家共用，第二詞不同,AMSC,AMERICAN SUPERCONDUCTOR CORP,AMER SUPERCONDUCTOR,AMERICAN GREETINGS CORP,AMER GREETINGS,119,2010,2025,3,512,11248
EXCLUDE,首詞AMER為3家共用，第二詞不同,AS,AMER SPORTS INC,AMER SPORTS,AMERICAN GREETINGS CORP,AMER GREETINGS,119,2010,2025,3,512,59796
EXCLUDE,首詞AMER為3家共用，第二詞不同,AXP,AMERICAN EXPRESS CO,AMER EXPRESS,AMERICAN GREETINGS CORP,AMER GREETINGS,119,2010,2025,3,512,90
EXCLUDE,首詞GEN為4家共用，第二詞不同,GD,GENERAL DYNAMICS CORP,GEN DYNAMICS,GEN CABLE TECHNOLOGIES CORP,GEN CABLE TECH,113,2010,2023,4,607,20791
EXCLUDE,首詞GEN為4家共用，第二詞不同,GE,GENERAL ELECTRIC CO,GEN ELEC,GEN CABLE TECHNOLOGIES CORP,GEN CABLE TECH,113,2010,2023,4,607,20792
EXCLUDE,首詞GEN為4家共用，第二詞不同,GIS,GENERAL MILLS INC,GEN MILLS,GEN CABLE TECHNOLOGIES CORP,GEN CABLE TECH,113,2010,2023,4,607,20798
EXCLUDE,首詞GEN為4家共用，第二詞不同,GM,GENERAL MOTORS CO,GEN MOTORS,GEN CABLE TECHNOLOGIES CORP,GEN CABLE TECH,113,2010,2023,4,607,53554
EXCLUDE,首詞GEN為4家共用，第二詞不同,SYMC,SYMANTEC CORP,GEN DIGITAL,GEN CABLE TECHNOLOGIES CORP,GEN CABLE TECH,113,2010,2023,4,607,10224
EXCLUDE,首詞AMER為3家共用，第二詞不同,AMSC,AMERICAN SUPERCONDUCTOR CORP,AMER SUPERCONDUCTOR,AMERICAN POWER CONV CORP,AMER POWER CONV,110,2010,2012,3,512,11248
EXCLUDE,首詞AMER為3家共用，第二詞不同,AS,AMER SPORTS INC,AMER SPORTS,AMERICAN POWER CONV CORP,AMER POWER CONV,110,2010,2012,3,512,59796
EXCLUDE,首詞AMER為3家共用，第二詞不同,AXP,AMERICAN EXPRESS CO,AMER EXPRESS,AMERICAN POWER CONV CORP,AMER POWER CONV,110,2010,2012,3,512,90
EXCLUDE,首詞JOHNSON為2家共用，第二詞不同,JCI,JOHNSON CONTROLS INC,JOHNSON CONTROLS,JOHNSON & JOHNSON CONSUMER,JOHNSON JOHNSON CONSUMER,100,2010,2015,2,440,21019
INCLUDE,品牌詞獨有 + 功能詞 PRODUCTS,DELL,DELL INC,DELL,DELL PRODUCTS LP,DELL PRODUCTS,14004,2010,2025,1,9,9833
INCLUDE,品牌詞獨有 + 功能詞 SEMICONDUCTOR SOLUTIONS,SNE,SONY CORP,SONY,SONY SEMICONDUCTOR SOLUTIONS CORP,SONY SEMICONDUCTOR SOLUTIONS,4676,2015,2025,1,62,21633
INCLUDE,品牌詞獨有 + 功能詞 INTERACTIVE ENTERTAINMENT,SNE,SONY CORP,SONY,SONY INTERACTIVE ENTERTAINMENT INC,SONY INTERACTIVE ENTERTAINMENT,2735,2014,2025,1,62,21633
INCLUDE,品牌詞獨有 + 功能詞 INTERACTIVE ENTERTAINMENT,SNE,SONY CORP,SONY,Sony Interactive Entertainment LLC,SONY INTERACTIVE ENTERTAINMENT,711,2016,2025,1,62,21633
INCLUDE,品牌詞獨有 + 功能詞 SOFTWARE,DELL,DELL INC,DELL,DELL SOFTWARE INC,DELL SOFTWARE,158,2013,2017,1,9,9833
INCLUDE,品牌詞獨有 + 功能詞 CANADA,DAN,DANA INC,DANA,DANA CANADA CORP,DANA CANADA,155,2010,2024,1,23,52956
INCLUDE,品牌詞獨有 + 功能詞 INTERACTIVE ENTERTAINMENT EUROPE,SNE,SONY CORP,SONY,SONY INTERACTIVE ENTERTAINMENT EUROPE LTD,SONY INTERACTIVE ENTERTAINMENT EUROPE,128,2017,2025,1,62,21633
INCLUDE,品牌詞獨有 + 功能詞 EUROPE,SNE,SONY CORP,SONY,SONY EUROPE LTD,SONY EUROPE,113,2010,2020,1,62,21633
