permco,primary_name,all_names,n_names,primary_ticker,all_tickers,groups,naics,ym_min,ym_max,months,papers
45483,ALPHABET INC,ALPHABET INC|GOOGLE INC,2,GOOGL,GOOGL|GOOG,A,334419,201001,202512,192,3139
8048,MICROSOFT CORP,MICROSOFT CORP,1,MSFT,MSFT,A,511210,201001,202512,192,2114
54084,FACEBOOK INC,FACEBOOK INC|META PLATFORMS INC,2,FB,FB|META,A,519130,201205,202512,164,1022
15473,AMAZON COM INC,AMAZON COM INC,1,AMZN,AMZN,A,454110,201001,202512,192,785
8476,ADOBE SYSTEMS INC,ADOBE SYSTEMS INC|ADOBE INC,2,ADBE,ADBE,"B_ICT,B_OTHER",511210,201001,202512,192,415
2367,INTEL CORP,INTEL CORP,1,INTC,INTC,B_ICT,334413,201001,202512,192,414
16382,NVIDIA CORP,NVIDIA CORP,1,NVDA,NVDA,A,334413,201001,202512,193,391
47204,BAIDU INC,BAIDU INC,1,BIDU,BIDU,"B_ICT,B_OTHER",541511,201001,202512,192,339
45288,SALESFORCE COM INC,SALESFORCE COM INC|SALESFORCE INC,2,CRM,CRM,"B_ICT,B_OTHER",541611,201001,202512,192,125
7,APPLE INC,APPLE INC,1,AAPL,AAPL,A,334220,201001,202512,193,118
11253,QUALCOMM INC,QUALCOMM INC,1,QCOM,QCOM,B_ICT,334220,201001,202512,192,82
32109,ORANGE,ORANGE|FRANCE TELECOM|ORANGE (Last Known),3,ORAN,ORAN|FTE,"B_ICT,B_OTHER",517110,201001,202410,178,81
30453,NOKIA CORP,NOKIA CORP,1,NOK,NOK,"B_ICT,B_OTHER",334220,201001,202512,193,76
1577,ERICSSON,ERICSSON|ERICSSON L M TELEPHONE CO,2,ERIC,ERIC,B_ICT,334220,201001,202512,192,57
4521,TOYOTA MOTOR CORP,TOYOTA MOTOR CORP,1,TM,TM,B_OTHER,336111,201001,202512,192,49
37733,NETEASE INC,NETEASE INC|NETEASE COM INC,2,NTES,NTES,B_OTHER,519130,201001,202512,193,46
54638,TWITTER INC,TWITTER INC|TWITTER INC (Last Known),2,TWTR,TWTR,B_OTHER,519190,201311,202210,108,46
20792,GENERAL ELECTRIC CO,GENERAL ELECTRIC CO,1,GE,GE,B_OTHER,333611,201001,202512,193,44
21633,SONY CORP,SONY CORP|SONY GROUP CORP,2,SNE,SNE|SONY,B_OTHER,334310,201001,202512,192,44
29908,ASTRAZENECA PLC,ASTRAZENECA PLC,1,AZN,AZN,B_OTHER,325412,201001,202512,192,38
16285,EBAY INC,EBAY INC,1,EBAY,EBAY,"B_ICT,B_OTHER",541512,201001,202512,192,38
55867,SNAP INC,SNAP INC,1,SNAP,SNAP,B_ICT,541511,201703,202512,106,38
43145,NETFLIX INC,NETFLIX INC,1,NFLX,NFLX,B_OTHER,512199,201001,202512,192,33
10486,CISCO SYSTEMS INC,CISCO SYSTEMS INC,1,CSCO,CSCO,B_ICT,334118,201001,202512,192,32
21880,WAL MART STORES INC,WAL MART STORES INC|WALMART INC,2,WMT,WMT,B_OTHER,452990,201001,202512,192,32
7623,AUTODESK INC,AUTODESK INC,1,ADSK,ADSK,"B_ICT,B_OTHER",511210,201001,202512,192,30
21110,LOCKHEED MARTIN CORP,LOCKHEED MARTIN CORP,1,LMT,LMT,B_OTHER,336414,201001,202512,192,30
20436,JPMORGAN CHASE & CO,JPMORGAN CHASE & CO,1,JPM,JPM,B_OTHER,522110,201001,202512,192,25
14744,ANSYS INC,ANSYS INC|ANSYS INC (Last Known),2,ANSS,ANSS,"B_ICT,B_OTHER",511210,201001,202507,188,17
53927,APTIV PLC,APTIV PLC|DELPHI AUTOMOTIVE PLC|APTIV PLC NEW,3,APTV,APTV|DLPH,B_OTHER,336390,201111,202512,170,16
1973,GLAXOSMITHKLINE PLC,GLAXOSMITHKLINE PLC|G S K PLC,2,GSK,GSK,B_OTHER,325412,201001,202512,195,16
8045,ORACLE CORP,ORACLE CORP,1,ORCL,ORCL,B_ICT,511210,201001,202512,194,16
52983,VISA INC,VISA INC,1,V,V,"B_ICT,B_OTHER",522320,201001,202512,192,16
748,CANON INC,CANON INC|CANON INC (Last Known),2,CAJ,CAJ,B_OTHER,333316,201001,202303,159,15
53554,GENERAL MOTORS CO,GENERAL MOTORS CO,1,GM,GM,B_OTHER,336111,201011,202512,182,15
55421,HEWLETT PACKARD ENTERPRISE CO,HEWLETT PACKARD ENTERPRISE CO,1,HPE,HPE,"B_ICT,B_OTHER",518210,201511,202512,123,14
5184,INTERDIGITAL INC,INTERDIGITAL INC,1,IDCC,IDCC,"B_ICT,B_OTHER",334210,201001,202512,193,13
10634,XILINX INC,XILINX INC|XILINX INC (Last Known),2,XLNX,XLNX,"B_ICT,B_OTHER",334413,201001,202202,147,13
20315,BOEING CO,BOEING CO,1,BA,BA,B_OTHER,336411,201001,202512,192,12
21576,SCHLUMBERGER LTD,SCHLUMBERGER LTD|SLB LTD,2,SLB,SLB,B_OTHER,213112,201001,202512,192,12
211,ADVANCED MICRO DEVICES INC,ADVANCED MICRO DEVICES INC,1,AMD,AMD,B_ICT,334413,201001,202512,192,11
30501,RELX PLC,RELX PLC|REED ELSEVIER PLC,2,RELX,RELX|RUK,B_OTHER,511130,201001,202512,192,11
20561,TARGET CORP,TARGET CORP,1,TGT,TGT,B_OTHER,452990,201001,202512,192,11
21945,XEROX CORP,XEROX CORP|XEROX HOLDINGS CORP,2,XRX,XRX,"B_ICT,B_OTHER",423420,201001,202512,193,11
5085,HOME DEPOT INC,HOME DEPOT INC,1,HD,HD,B_OTHER,444110,201001,202512,192,10
12011,INTUIT INC,INTUIT INC,1,INTU,INTU,"B_ICT,B_OTHER",511210,201001,202512,192,10
37727,INTUITIVE SURGICAL INC,INTUITIVE SURGICAL INC,1,ISRG,ISRG,B_OTHER,339112,201001,202512,192,10
20374,CABOT CORP,CABOT CORP,1,CBT,CBT,B_OTHER,325180,201001,202512,192,9
15321,CIENA CORP,CIENA CORP,1,CIEN,CIEN,B_ICT,334210,201001,202512,192,8
10303,ELECTRONIC ARTS INC,ELECTRONIC ARTS INC,1,EA,EA|ERTS,"B_ICT,B_OTHER",511210,201001,202512,192,8
43351,SANOFI,SANOFI|SANOFI AVENTIS,2,SNY,SNY,B_OTHER,325412,201001,202512,193,8
10224,SYMANTEC CORP,SYMANTEC CORP|GEN DIGITAL INC|NORTONLIFELOCK INC,3,SYMC,SYMC|GEN|NLOK,B_ICT,511210,201001,202512,193,8
16435,INFOSYS LTD,INFOSYS LTD|INFOSYS TECHNOLOGIES LTD,2,INFY,INFY,B_ICT,541511,201001,202512,196,7
55609,LINE CORP,LINE CORP|LINE CORP (Last Known),2,LN,LN,"B_ICT,B_OTHER",518210,201607,202012,54,7
14031,MYRIAD GENETICS INC,MYRIAD GENETICS INC,1,MYGN,MYGN,B_OTHER,325412,201001,202512,192,7
14305,OPEN TEXT CORP,OPEN TEXT CORP,1,OTEX,OTEX,"B_ICT,B_OTHER",541512,201001,202512,193,7
15843,REALNETWORKS INC,REALNETWORKS INC|REALNETWORKS INC (Last Known),2,RNWK,RNWK,"B_ICT,B_OTHER",511210,201001,202212,157,7
11361,SYNOPSYS INC,SYNOPSYS INC,1,SNPS,SNPS,"B_ICT,B_OTHER",511210,201001,202512,192,7
21832,UNITED TECHNOLOGIES CORP,UNITED TECHNOLOGIES CORP|RAYTHEON TECHNOLOGIES CORP|R T X CORP,3,UTX,UTX|RTX,B_OTHER,336412,201001,202512,193,7
20064,HESS CORP,HESS CORP|HESS CORP (Last Known),2,HES,HES,B_OTHER,213112,201001,202507,187,6
54109,SERVICENOW INC,SERVICENOW INC,1,NOW,NOW,"B_ICT,B_OTHER",541512,201206,202512,163,6
28754,THOMSON REUTERS CORP,THOMSON REUTERS CORP,1,TRI,TRI,B_OTHER,511130,201001,202512,194,6
40160,WIPRO LTD,WIPRO LTD,1,WIT,WIT,B_ICT,541511,201001,202512,193,6
53853,ZILLOW GROUP INC,ZILLOW GROUP INC|ZILLOW INC,2,ZG,ZG|Z,"B_ICT,B_OTHER",531311,201107,202512,174,6
194,APPLIED MATERIALS INC,APPLIED MATERIALS INC,1,AMAT,AMAT,"B_ICT,B_OTHER",333249,201001,202512,192,5
14889,AWARE INC,AWARE INC,1,AWRE,AWRE,"B_ICT,B_OTHER",334413,201001,202512,192,5
9245,CADENCE DESIGN SYSTEMS INC,CADENCE DESIGN SYSTEMS INC,1,CDNS,CDNS,"B_ICT,B_OTHER",541511,201001,202512,192,5
10504,HOLOGIC INC,HOLOGIC INC,1,HOLX,HOLX,B_ICT,334517,201001,202512,192,5
37938,ILLUMINA INC,ILLUMINA INC,1,ILMN,ILMN,"B_ICT,B_OTHER",334516,201001,202512,192,5
30033,INCYTE CORP,INCYTE CORP,1,INCY,INCY,B_OTHER,325412,201001,202512,192,5
14205,NUANCE COMMUNICATIONS INC,NUANCE COMMUNICATIONS INC|NUANCE COMMUNICATIONS INC (Last Known),2,NUAN,NUAN,"B_ICT,B_OTHER",511210,201001,202203,147,5
45197,NUVASIVE INC,NUVASIVE INC|NUVASIVE INC (Last Known),2,NUVA,NUVA,B_OTHER,339112,201001,202308,165,5
21446,PROCTER & GAMBLE CO,PROCTER & GAMBLE CO,1,PG,PG,B_OTHER,424210,201001,202512,192,5
5722,QUANTUM CORP,QUANTUM CORP,1,QTM,QTM|QMCO,B_ICT,334112,201001,202512,192,5
40157,TELUS CORP,TELUS CORP,1,TU,TU,"B_ICT,B_OTHER",517210,201302,202512,156,5
4879,WESTERN DIGITAL CORP,WESTERN DIGITAL CORP,1,WDC,WDC,B_ICT,334112,201001,202512,192,5
14521,YAHOO INC,YAHOO INC|YAHOO INC (Last Known),2,YHOO,YHOO,"B_ICT,B_OTHER",519130,201001,201706,90,5
56117,ALTAIR ENGINEERING INC,ALTAIR ENGINEERING INC|ALTAIR ENGINEERING INC (Last Known),2,ALTR,ALTR,"B_ICT,B_OTHER",511210,201711,202503,89,4
727,CACI INTERNATIONAL INC,CACI INTERNATIONAL INC,1,CACI,CACI,B_ICT,541512,201001,202512,192,4
54888,GOPRO INC,GOPRO INC,1,GPRO,GPRO,"B_ICT,B_OTHER",423710,201406,202512,139,4
57538,IONQ INC,IONQ INC|DMY TECHNOLOGY GROUP INC III,2,IONQ,IONQ|DMYI,B_OTHER,523910,202101,202512,60,4
54459,MALLINCKRODT PLC,MALLINCKRODT PLC|MALLINCKRODT PLC (Last Known),2,MNK,MNK,B_OTHER,325412,201307,202010,88,4
14152,NETAPP INC,NETAPP INC,1,NTAP,NTAP,B_ICT,334112,201001,202512,192,4
54139,PALO ALTO NETWORKS INC,PALO ALTO NETWORKS INC,1,PANW,PANW,B_ICT,511210,201207,202512,162,4
26084,RIO TINTO PLC,RIO TINTO PLC,1,RIO,RIO|RTP,B_OTHER,212221,201001,202512,196,4
13384,STRATASYS LTD,STRATASYS LTD|STRATASYS INC,2,SSYS,SSYS,B_ICT,334118,201001,202512,192,4
21737,TEXAS INSTRUMENTS INC,TEXAS INSTRUMENTS INC,1,TXN,TXN,B_ICT,334413,201001,202512,192,4
52388,BLACKSTONE GROUP LP,BLACKSTONE GROUP LP|BLACKSTONE INC|BLACKSTONE GROUP INC,3,BX,BX,B_OTHER,523930,201001,202512,202,3
32104,CHINA MOBILE LTD,CHINA MOBILE LTD|CHINA MOBILE LTD (Last Known),2,CHL,CHL,"B_ICT,B_OTHER",517210,201001,202101,134,3
52396,DISCOVER FINANCIAL SERVICES,DISCOVER FINANCIAL SERVICES|DISCOVER FINANCIAL SERVICES (Last Known),2,DFS,DFS,B_OTHER,522110,201001,202505,185,3
20798,GENERAL MILLS INC,GENERAL MILLS INC,1,GIS,GIS,B_OTHER,311211,201001,202512,192,3
52708,GENPACT LTD,GENPACT LTD,1,G,G,B_OTHER,541611,201001,202512,192,3
5925,INTERFACE INC,INTERFACE INC,1,TILE,TILE|IFSIA,B_OTHER,314110,201001,202512,192,3
56299,IQIYI INC,IQIYI INC,1,IQ,IQ,B_OTHER,523910,201803,202512,94,3
21018,JOHNSON & JOHNSON,JOHNSON & JOHNSON,1,JNJ,JNJ,B_OTHER,325412,201001,202512,192,3
10359,LATTICE SEMICONDUCTOR CORP,LATTICE SEMICONDUCTOR CORP,1,LSCC,LSCC,B_ICT,334413,201001,202512,192,3
37176,ON SEMICONDUCTOR CORP,ON SEMICONDUCTOR CORP,1,ON,ON|ONNN,B_ICT,334413,201001,202512,192,3
21394,PFIZER INC,PFIZER INC,1,PFE,PFE,B_OTHER,325412,201001,202512,192,3
21526,ROGERS CORP,ROGERS CORP,1,ROG,ROG,B_OTHER,325211,201001,202512,192,3
47003,ROYAL DUTCH SHELL PLC,ROYAL DUTCH SHELL PLC|SHELL PLC,2,RDS,RDS|SHEL,B_OTHER,324110,201001,202512,192,3
54064,SPLUNK INC,SPLUNK INC|SPLUNK INC (Last Known),2,SPLK,SPLK,"B_ICT,B_OTHER",511210,201204,202403,144,3
36380,TELEDYNE TECHNOLOGIES,TELEDYNE TECHNOLOGIES,1,TDY,TDY,"B_ICT,B_OTHER",541330,201001,202512,192,3
39148,UNITED MICROELECTRONICS CORP,UNITED MICROELECTRONICS CORP,1,UMC,UMC,B_ICT,334413,201001,202512,193,3
53256,VERISK ANALYTICS INC,VERISK ANALYTICS INC,1,VRSK,VRSK,"B_ICT,B_OTHER",518210,201001,202512,192,3
92,AFLAC INC,AFLAC INC,1,AFL,AFL,B_OTHER,524114,201001,202512,192,2
41154,ALIGN TECHNOLOGY INC,ALIGN TECHNOLOGY INC,1,ALGN,ALGN,B_OTHER,339114,201001,202512,192,2
29870,ALLSTATE CORP,ALLSTATE CORP,1,ALL,ALL,B_OTHER,524126,201001,202512,192,2
90,AMERICAN EXPRESS CO,AMERICAN EXPRESS CO,1,AXP,AXP,B_OTHER,522291,201001,202512,192,2
216,AMGEN INC,AMGEN INC,1,AMGN,AMGN,B_OTHER,541711,201001,202512,192,2
42273,ANTHEM INC,ANTHEM INC|WELLPOINT INC|ELEVANCE HEALTH INC,3,ANTM,ANTM|WLP|ELV,B_OTHER,524114,201001,202512,192,2
31946,AUTOLIV INC,AUTOLIV INC,1,ALV,ALV,B_OTHER,336330,201001,202512,192,2
20253,BAKER HUGHES INC,BAKER HUGHES INC|BAKER HUGHES CO|BAKER HUGHES INC NEW,3,BHI,BHI|BKR|BHGE,B_OTHER,561110,201001,202512,192,2
36336,BLACKROCK INC,BLACKROCK INC|BLACKROCK INC NEW,2,BLK,BLK,B_OTHER,523930,201001,202512,192,2
29489,BOSTON SCIENTIFIC CORP,BOSTON SCIENTIFIC CORP,1,BSX,BSX,B_OTHER,339112,201001,202512,192,2
6262,CARDINAL HEALTH INC,CARDINAL HEALTH INC,1,CAH,CAH,B_OTHER,424210,201001,202512,192,2
20543,CUMMINS INC,CUMMINS INC,1,CMI,CMI,B_OTHER,333618,201001,202512,192,2
20569,DELTA AIR LINES INC,DELTA AIR LINES INC,1,DAL,DAL,B_OTHER,481111,201001,202512,192,2
30070,EASTMAN CHEMICAL CO,EASTMAN CHEMICAL CO,1,EMN,EMN,B_OTHER,325211,201001,202512,192,2
20627,EATON CORP PLC,EATON CORP PLC|EATON CORP,2,ETN,ETN,"B_ICT,B_OTHER",335999,201001,202512,192,2
41157,EXACT SCIENCES CORP,EXACT SCIENCES CORP,1,EXAS,EXAS,B_OTHER,541711,201001,202512,192,2
54556,FIREEYE INC,FIREEYE INC|MANDIANT INC|MANDIANT INC (Last Known),3,FEYE,FEYE|MNDT,"B_ICT,B_OTHER",561621,201309,202209,109,2
11901,IAC INTERACTIVECORP,IAC INTERACTIVECORP|IAC INC|IAC INTERACTIVECORP NEW,3,IAC,IAC|IACI,"B_ICT,B_OTHER",511210,201001,202512,192,2
14377,IRIDEX CORP,IRIDEX CORP,1,IRIX,IRIX,"B_ICT,B_OTHER",334510,201001,202512,192,2
55033,KEYSIGHT TECHNOLOGIES INC,KEYSIGHT TECHNOLOGIES INC,1,KEYS,KEYS,B_ICT,334515,201411,202512,134,2
30497,KOREA ELECTRIC POWER CO,KOREA ELECTRIC POWER CO,1,KEP,KEP,B_OTHER,221118,201001,202512,192,2
56540,LINDE PLC,LINDE PLC|LINDE PLC NEW,2,LIN,LIN,B_OTHER,325180,201810,202512,87,2
2850,MEDTRONIC PLC,MEDTRONIC PLC|MEDTRONIC INC,2,MDT,MDT,"B_ICT,B_OTHER",334510,201001,202512,192,2
36350,NATIONAL GRID PLC,NATIONAL GRID PLC,1,NGG,NGG,B_OTHER,486210,201001,202512,195,2
56339,NLIGHT INC,NLIGHT INC,1,LASR,LASR,B_ICT,334413,201804,202512,93,2
21303,NORTHROP GRUMMAN CORP,NORTHROP GRUMMAN CORP,1,NOC,NOC,B_ICT,334511,201001,202512,192,2
55697,NUTANIX INC,NUTANIX INC,1,NTNX,NTNX,B_ICT,541511,201609,202512,112,2
39138,PEARSON PLC,PEARSON PLC,1,PSO,PSO,B_OTHER,511130,201001,202512,192,2
21425,POLARIS INDUSTRIES INC,POLARIS INDUSTRIES INC|POLARIS INC,2,PII,PII,B_OTHER,336213,201001,202512,192,2
4620,TYSON FOODS INC,TYSON FOODS INC,1,TSN,TSN,B_OTHER,311615,201001,202512,193,2
21814,UNISYS CORP,UNISYS CORP,1,UIS,UIS,B_ICT,541512,201001,202512,192,2
11092,ZEBRA TECHNOLOGIES CORP,ZEBRA TECHNOLOGIES CORP,1,ZBRA,ZBRA,"B_ICT,B_OTHER",334419,201001,202512,192,2
54287,ABBVIE INC,ABBVIE INC,1,ABBV,ABBV,B_OTHER,325412,201301,202512,156,1
36364,AGILENT TECHNOLOGIES INC,AGILENT TECHNOLOGIES INC,1,A,A,B_ICT,334515,201001,202512,192,1
57588,AIRBNB INC,AIRBNB INC,1,ABNB,ABNB,"B_ICT,B_OTHER",518210,202012,202512,61,1
42936,ALCON INC,ALCON INC,1,ALC,ALC,B_OTHER,525910,201904,202512,81,1
59796,AMER SPORTS INC,AMER SPORTS INC,1,AS,AS,B_OTHER,313210,202402,202512,23,1
11248,AMERICAN SUPERCONDUCTOR CORP,AMERICAN SUPERCONDUCTOR CORP,1,AMSC,AMSC,B_OTHER,335312,201001,202512,192,1
21963,BANCO BILBAO VIZCAYA ARGENTARIA,BANCO BILBAO VIZCAYA ARGENTARIA,1,BBVA,BBVA,B_OTHER,522110,201001,202512,192,1
20265,BANK OF NEW YORK MELLON CORP,BANK OF NEW YORK MELLON CORP,1,BK,BK,B_OTHER,522110,201001,202512,192,1
20269,BARCLAYS PLC,BARCLAYS PLC,1,BCS,BCS,B_OTHER,522110,201001,202512,192,1
56450,BERRY CORP,BERRY CORP|BERRY PETROLEUM CORP|BERRY CORP (Last Known),3,BRY,BRY,B_OTHER,211120,201807,202512,97,1
11112,BIOGEN INC,BIOGEN INC|BIOGEN IDEC INC,2,BIIB,BIIB,B_OTHER,541711,201001,202512,192,1
16396,BLACKBERRY LTD,BLACKBERRY LTD|RESEARCH IN MOTION LTD,2,BB,BB|BBRY|RIMM,B_ICT,334210,201001,202512,192,1
7113,BRADY CORP,BRADY CORP,1,BRC,BRC,B_OTHER,339999,201001,202512,192,1
20344,BRUNSWICK CORP,BRUNSWICK CORP,1,BC,BC,B_OTHER,333618,201001,202512,192,1
57431,C4 THERAPEUTICS INC,C4 THERAPEUTICS INC,1,CCCC,CCCC,B_OTHER,424210,202010,202512,63,1
34775,CELESTICA INC,CELESTICA INC,1,CLS,CLS,B_ICT,334418,201001,202512,192,1
10210,CIRRUS LOGIC INC,CIRRUS LOGIC INC,1,CRUS,CRUS,B_ICT,334413,201001,202512,192,1
56766,CLARIVATE PLC,CLARIVATE PLC|CLARIVATE ANALYTICS PLC,2,CLVT,CLVT|CCC,B_OTHER,523910,201905,202512,80,1
53931,CLOVIS ONCOLOGY INC,CLOVIS ONCOLOGY INC|CLOVIS ONCOLOGY INC (Last Known),2,CLVS,CLVS,B_OTHER,325412,201111,202212,134,1
53389,CODEXIS INC,CODEXIS INC,1,CDXS,CDXS,B_OTHER,541711,201004,202512,189,1
55105,COHERUS BIOSCIENCES INC,COHERUS BIOSCIENCES INC|COHERUS ONCOLOGY INC,2,CHRS,CHRS,B_OTHER,325414,201411,202512,134,1
20523,CORNING INC,CORNING INC,1,GLW,GLW,B_OTHER,335921,201001,202512,192,1
56723,CORTEVA INC,CORTEVA INC,1,CTVA,CTVA,B_OTHER,115112,201906,202512,79,1
9632,CYBEROPTICS CORP,CYBEROPTICS CORP|CYBEROPTICS CORP (Last Known),2,CYBE,CYBE,"B_ICT,B_OTHER",334413,201001,202211,155,1
52956,DANA INC,DANA INC|DANA HOLDING CORP,2,DAN,DAN,B_OTHER,336211,201001,202512,192,1
20557,DANAHER CORP,DANAHER CORP,1,DHR,DHR,B_ICT,334513,201001,202512,194,1
9424,DENTSPLY SIRONA INC,DENTSPLY SIRONA INC|DENTSPLY INTERNATIONAL INC NEW,2,XRAY,XRAY,B_OTHER,339114,201001,202512,192,1
15192,ELBIT SYSTEMS LTD,ELBIT SYSTEMS LTD,1,ESLT,ESLT,"B_ICT,B_OTHER",336412,201001,202512,192,1
51421,EMERGENT BIOSOLUTIONS INC,EMERGENT BIOSOLUTIONS INC,1,EBS,EBS,B_OTHER,325414,201001,202512,192,1
55229,ETSY INC,ETSY INC,1,ETSY,ETSY,B_OTHER,453220,201504,202512,129,1
37154,EXELIXIS INC,EXELIXIS INC,1,EXEL,EXEL,B_OTHER,541712,201001,202512,192,1
10724,EXPONENT INC,EXPONENT INC,1,EXPO,EXPO,B_OTHER,541614,201001,202512,194,1
12930,FLEX LTD,FLEX LTD|FLEXTRONICS INTERNATIONAL LTD,2,FLEX,FLEX,"B_ICT,B_OTHER",334412,201001,202512,192,1
53286,FORTINET INC,FORTINET INC,1,FTNT,FTNT,B_ICT,511210,201001,202512,192,1
20791,GENERAL DYNAMICS CORP,GENERAL DYNAMICS CORP,1,GD,GD,B_OTHER,336411,201001,202512,192,1
11300,GILEAD SCIENCES INC,GILEAD SCIENCES INC,1,GILD,GILD,B_OTHER,325414,201001,202512,192,1
58856,GLOBALFOUNDRIES INC,GLOBALFOUNDRIES INC,1,GFS,GFS,B_ICT,334413,202110,202512,51,1
13739,HARMONIC INC,HARMONIC INC,1,HLIT,HLIT,B_ICT,334220,201001,202512,192,1
60422,HEARTFLOW INC,HEARTFLOW INC,1,HTFL,HTFL,B_OTHER,339112,202508,202512,5,1
55274,HTG MOLECULAR DIAGNOSTICS INC,HTG MOLECULAR DIAGNOSTICS INC|HTG MOLECULAR DIAGNOSTICS INC (Last Known),2,HTGM,HTGM,"B_ICT,B_OTHER",541712,201505,202306,98,1
9558,II VI INC,II VI INC|COHERENT CORP,2,IIVI,IIVI|COHR,B_OTHER,333314,201001,202512,192,1
58576,IMMUNEERING CORP,IMMUNEERING CORP,1,IMRX,IMRX,B_OTHER,325412,202107,202512,54,1
52376,INFINERA CORP,INFINERA CORP|INFINERA CORP (Last Known),2,INFN,INFN,"B_ICT,B_OTHER",334210,201001,202502,183,1
32174,INGREDION INC,INGREDION INC|CORN PRODUCTS INTERNATIONAL INC,2,INGR,INGR|CPO,B_OTHER,311221,201001,202512,192,1
16697,INTERNET INITIATIVE JAPAN INC,INTERNET INITIATIVE JAPAN INC|INTERNET INITIATIVE JAPAN INC (Last Known),2,IIJI,IIJI,B_OTHER,519190,201001,201904,112,1
55184,INVITAE CORP,INVITAE CORP|INVITAE CORP (Last Known),2,NVTA,NVTA,B_OTHER,621111,201502,202402,109,1
56652,ITAMAR MEDICAL LTD,ITAMAR MEDICAL LTD|ITAMAR MEDICAL LTD (Last Known),2,ITMR,ITMR,B_OTHER,339112,201902,202112,35,1
16614,JUNIPER NETWORKS INC,JUNIPER NETWORKS INC|JUNIPER NETWORKS INC (Last Known),2,JNPR,JNPR,"B_ICT,B_OTHER",334118,201001,202507,187,1
30388,LEAR CORP,LEAR CORP,1,LEA,LEA,B_OTHER,336390,201001,202512,193,1
37167,LEXICON PHARMACEUTICALS INC,LEXICON PHARMACEUTICALS INC,1,LXRX,LXRX,B_OTHER,325412,201001,202512,192,1
56673,LYFT INC,LYFT INC,1,LYFT,LYFT,B_OTHER,485999,201903,202512,82,1
50700,MASTERCARD INC,MASTERCARD INC,1,MA,MA,"B_ICT,B_OTHER",561499,201001,202512,193,1
52670,MERCADOLIBRE INC,MERCADOLIBRE INC,1,MELI,MELI,"B_ICT,B_OTHER",519130,201001,202512,192,1
41680,MONDELEZ INTERNATIONAL INC,MONDELEZ INTERNATIONAL INC|KRAFT FOODS INC,2,MDLZ,MDLZ|KFT,B_OTHER,311513,201001,202512,192,1
21219,MOOG INC,MOOG INC,1,MOGB,MOGB|MOG,"B_ICT,B_OTHER",336413,201001,202512,192,1
21230,MOTOROLA SOLUTIONS INC,MOTOROLA SOLUTIONS INC|MOTOROLA INC,2,MSI,MSI|MOT,B_ICT,334220,201001,202512,193,1
21236,MURPHY OIL CORP,MURPHY OIL CORP,1,MUR,MUR,B_OTHER,324110,201001,202512,193,1
3104,MYLAN N V,MYLAN N V|MYLAN INC|MYLAN N V (Last Known),3,MYL,MYL,B_OTHER,325412,201001,202011,131,1
46282,NASDAQ INC,NASDAQ INC|NASDAQ O M X GROUP INC,2,NDAQ,NDAQ,B_OTHER,523210,201001,202512,192,1
55095,NEVRO CORP,NEVRO CORP|NEVRO CORP (Last Known),2,NVRO,NVRO,B_OTHER,339112,201411,202504,126,1
21286,NEWMONT MINING CORP,NEWMONT MINING CORP|NEWMONT CORP|NEWMONT GOLDCORP CORP,3,NEM,NEM,B_OTHER,212221,201001,202512,192,1
20684,NEXTERA ENERGY INC,NEXTERA ENERGY INC|F P L GROUP INC,2,NEE,NEE|FPL,B_OTHER,221118,201001,202512,192,1
3194,NIKE INC,NIKE INC,1,NKE,NKE,B_OTHER,316210,201001,202512,194,1
21322,OCCIDENTAL PETROLEUM CORP,OCCIDENTAL PETROLEUM CORP,1,OXY,OXY,B_OTHER,211111,201001,202512,193,1
56798,PERSONALIS INC,PERSONALIS INC,1,PSNL,PSNL,B_OTHER,622310,201906,202512,79,1
56691,PINTEREST INC,PINTEREST INC,1,PINS,PINS,B_OTHER,519190,201904,202512,81,1
57140,RELAY THERAPEUTICS INC,RELAY THERAPEUTICS INC,1,RLAY,RLAY,B_OTHER,424210,202007,202512,66,1
13753,RESMED INC,RESMED INC,1,RMD,RMD,"B_ICT,B_OTHER",334510,201001,202512,192,1
58063,RIGETTI COMPUTING INC,RIGETTI COMPUTING INC|SUPERNOVA PRTNRS ACQ CO II LTD,2,RGTI,RGTI|SNII,"B_ICT,B_OTHER",523910,202104,202512,57,1
55591,SELECTA BIOSCIENCES INC,SELECTA BIOSCIENCES INC|CARTESIAN THERAPEUTICS INC,2,SELB,SELB|RNAC,B_OTHER,541715,201606,202512,115,1
55315,SERES THERAPEUTICS INC,SERES THERAPEUTICS INC|SERIES THERAPEUTICS INC,2,MCRB,MCRB,B_OTHER,325412,201506,202512,127,1
17206,SIFY TECHNOLOGIES LTD,SIFY TECHNOLOGIES LTD,1,SIFY,SIFY,B_ICT,518210,201001,202512,192,1
20058,SKYWORKS SOLUTIONS INC,SKYWORKS SOLUTIONS INC,1,SWKS,SWKS,B_ICT,334413,201001,202512,192,1
55173,SPARK THERAPEUTICS INC,SPARK THERAPEUTICS INC|SPARK THERAPEUTICS INC (Last Known),2,ONCE,ONCE,B_OTHER,621111,201501,201912,60,1
21664,STANLEY BLACK & DECKER INC,STANLEY BLACK & DECKER INC|STANLEY WORKS,2,SWK,SWK,B_OTHER,332510,201001,202512,192,1
47197,STANTEC INC,STANTEC INC,1,STN,STN,B_OTHER,541330,201001,202512,192,1
55113,SYNEOS HEALTH INC,SYNEOS HEALTH INC|INC RESEARCH HOLDINGS INC|SYNEOS HEALTH INC (Last Known),3,SYNH,SYNH|INCR,B_OTHER,523910,201411,202309,107,1
36381,TECHNICOLOR,TECHNICOLOR|THOMSON|TECHNICOLOR (Last Known),3,TCH,TCH|TMS,B_OTHER,334310,201001,201103,15,1
55833,TECHNIPFMC PLC,TECHNIPFMC PLC,1,FTI,FTI,B_OTHER,213112,201701,202512,108,1
53453,TESLA INC,TESLA INC|TESLA MOTORS INC,2,TSLA,TSLA,A,336111,201006,202512,187,1
4589,TETRA TECH INC,TETRA TECH INC,1,TTEK,TTEK,B_OTHER,541330,201001,202512,192,1
4557,THERMO FISHER SCIENTIFIC INC,THERMO FISHER SCIENTIFIC INC,1,TMO,TMO,"B_ICT,B_OTHER",334519,201001,202512,192,1
14293,TITAN PHARMACEUTICALS INC DEL,TITAN PHARMACEUTICALS INC DEL|TITAN PHARMACEUTICALS INC|TITAN PHARMACEUTICALS INC (Last Known),3,TTNP,TTNP,B_OTHER,325414,201001,202510,190,1
10691,TRIMBLE INC,TRIMBLE INC|TRIMBLE NAVIGATION LTD,2,TRMB,TRMB,B_ICT,334220,201001,202512,192,1
54112,TRONOX LTD,TRONOX LTD|TRONOX HOLDINGS PLC,2,TROX,TROX,B_OTHER,325130,201206,202512,164,1
21802,UNILEVER PLC,UNILEVER PLC,1,UL,UL,B_OTHER,424410,201001,202512,193,1
36383,UNITED PARCEL SERVICE INC,UNITED PARCEL SERVICE INC,1,UPS,UPS,B_OTHER,492210,201001,202512,192,1
56381,UNITY BIOTECHNOLOGY INC,UNITY BIOTECHNOLOGY INC|UNITY BIOTECHNOLOGY INC (Last Known),2,UBX,UBX,B_OTHER,541715,201805,202507,87,1
52705,VMWARE INC,VMWARE INC|VMWARE INC (Last Known),2,VMW,VMW,"B_ICT,B_OTHER",541512,201001,202311,168,1
27497,WOODWARD INC,WOODWARD INC|WOODWARD GOVERNOR CO,2,WWD,WWD|WGOV,B_OTHER,335314,201001,202512,192,1
54213,WORKDAY INC,WORKDAY INC,1,WDAY,WDAY,"B_ICT,B_OTHER",541511,201210,202512,159,1
59381,XPERI INC,XPERI INC,1,XPER,XPER,"B_ICT,B_OTHER",513210,202210,202512,39,1
53896,XYLEM INC,XYLEM INC,1,XYL,XYL,B_OTHER,333911,201111,202512,170,1
42120,ADVANTEST CORP,ADVANTEST CORP|ADVANTEST CORP (Last Known),2,ATE,ATE,B_OTHER,333242,201001,201604,76,0
42385,ADVISORY BOARD CO,ADVISORY BOARD CO|ADVISORY BOARD CO (Last Known),2,ABCO,ABCO,B_OTHER,561110,201001,201711,95,0
29487,ALCATEL LUCENT,ALCATEL LUCENT|ALCATEL LUCENT (Last Known),2,ALU,ALU,"B_ICT,B_OTHER",334210,201001,201602,74,0
10860,ATMEL CORP,ATMEL CORP|ATMEL CORP (Last Known),2,ATML,ATML,"B_ICT,B_OTHER",334413,201001,201604,77,0
57887,ATOTECH LTD,ATOTECH LTD|ATOTECH LTD (Last Known),2,ATC,ATC,B_OTHER,325998,202102,202208,20,0
57336,BENTLEY SYSTEMS INC,BENTLEY SYSTEMS INC,1,BSY,BSY,"B_ICT,B_OTHER",513210,202009,202512,64,0
16056,BROADCOM CORP,BROADCOM CORP|BROADCOM CORP (Last Known),2,BRCM,BRCM,"B_ICT,B_OTHER",334413,201001,201601,74,0
53196,BROADCOM INC,BROADCOM INC|AVAGO TECHNOLOGIES LTD|BROADCOM LTD,3,AVGO,AVGO,C_extra,334413,201001,202512,192,0
38406,BRUKER CORP,BRUKER CORP,1,BRKR,BRKR,B_ICT,334516,201001,202512,192,0
54507,CANCER GENETICS INC,CANCER GENETICS INC|VYANT BIO INC|VYANT BIO INC (Last Known),3,CGIX,CGIX|VYNT,B_OTHER,325412,201308,202305,118,0
53994,CHEMOCENTRYX INC,CHEMOCENTRYX INC|CHEMOCENTRYX INC (Last Known),2,CCXI,CCXI,B_OTHER,622310,201202,202210,129,0
45557,COGENT INC,COGENT INC|COGENT INC (Last Known),2,COGT,COGT,"B_ICT,B_OTHER",541512,201001,201012,12,0
42125,CREDIT SUISSE GROUP,CREDIT SUISSE GROUP|CREDIT SUISSE GROUP (Last Known),2,CS,CS,B_OTHER,522190,201001,202306,167,0
9833,DELL INC,DELL INC|DELL INC (Last Known),2,DELL,DELL,"B_ICT,B_OTHER",334113,201001,201310,47,0
20597,DOW CHEMICAL CO,DOW CHEMICAL CO|DOW CHEMICAL CO (Last Known),2,DOW,DOW,B_OTHER,325211,201001,201708,93,0
1467,ECOLAB INC,ECOLAB INC,1,ECL,ECL,"B_ICT,B_OTHER",325611,201001,202512,192,0
36952,EDWARDS LIFESCIENCES CORP,EDWARDS LIFESCIENCES CORP,1,EW,EW,B_OTHER,339113,201001,202512,192,0
53890,EXELIS INC,EXELIS INC|EXELIS INC (Last Known),2,XLS,XLS,"B_ICT,B_OTHER",334511,201111,201505,45,0
51655,HARBIN ELECTRIC INC,HARBIN ELECTRIC INC|HARBIN ELECTRIC INC (Last Known),2,HRBN,HRBN,B_OTHER,335312,201001,201111,23,0
15560,HESKA CORP,HESKA CORP|HESKA CORP (Last Known),2,HSKA,HSKA,B_OTHER,325412,201001,202306,162,0
2153,HITACHI LTD,HITACHI LTD|HITACHI LTD (Last Known),2,HIT,HIT,"B_ICT,B_OTHER",334111,201001,201204,28,0
22075,IDEX CORP,IDEX CORP,1,IEX,IEX,B_OTHER,333911,201001,202512,192,0
20996,INTERNATIONAL RECTIFIER CORP,INTERNATIONAL RECTIFIER CORP|INTERNATIONAL RECTIFIER CORP (Last Known),2,IRF,IRF,"B_ICT,B_OTHER",334413,201001,201501,61,0
21019,JOHNSON CONTROLS INC,JOHNSON CONTROLS INC|JOHNSON CONTROLS INC (Last Known),2,JCI,JCI,B_OTHER,336360,201001,201609,82,0
13125,LA JOLLA PHARMACEUTICAL CO,LA JOLLA PHARMACEUTICAL CO|LA JOLLA PHARMACEUTICAL CO (Last Known),2,LJPC,LJPC,B_OTHER,325414,201001,202208,152,0
53751,LINKEDIN CORP,LINKEDIN CORP|LINKEDIN CORP (Last Known),2,LNKD,LNKD,B_OTHER,519130,201105,201612,68,0
50864,LUNA INNOVATIONS INC,LUNA INNOVATIONS INC|LUNA INNOVATIONS INC (Last Known),2,LUNA,LUNA,"B_ICT,B_OTHER",334513,201001,202501,181,0
51810,MELLANOX TECHNOLOGIES LTD,MELLANOX TECHNOLOGIES LTD|MELLANOX TECHNOLOGIES LTD (Last Known),2,MLNX,MLNX,"B_ICT,B_OTHER",334413,201001,202004,124,0
3047,MICROSEMI CORP,MICROSEMI CORP|MICROSEMI CORP (Last Known),2,MSCC,MSCC,"B_ICT,B_OTHER",334419,201001,201805,101,0
37145,OCLARO INC,OCLARO INC|OCLARO INC (Last Known),2,OCLR,OCLR,"B_ICT,B_OTHER",334417,201001,201812,109,0
37949,OMNIVISION TECHNOLOGIES INC,OMNIVISION TECHNOLOGIES INC|OMNIVISION TECHNOLOGIES INC (Last Known),2,OVTI,OVTI,"B_ICT,B_OTHER",334413,201001,201601,73,0
21167,PANASONIC CORP,PANASONIC CORP|PANASONIC CORP (Last Known),2,PC,PC,B_OTHER,334310,201001,201304,40,0
55526,PROTEOSTASIS THERAPEUTICS INC,PROTEOSTASIS THERAPEUTICS INC|YUMANITY THERAPEUTICS INC|KINETA INC|KINETA INC (Last Known),4,PTI,PTI|YMTX|KA,B_OTHER,325412,201602,202409,105,0
16753,RED HAT INC,RED HAT INC|RED HAT INC (Last Known),2,RHT,RHT,"B_ICT,B_OTHER",518210,201001,201907,115,0
51816,ROSETTA GENOMICS LTD,ROSETTA GENOMICS LTD|ROSETTA GENOMICS LTD (Last Known),2,ROSG,ROSG,B_OTHER,325412,201001,201805,101,0
54402,TABLEAU SOFTWARE INC,TABLEAU SOFTWARE INC|TABLEAU SOFTWARE INC (Last Known),2,DATA,DATA,"B_ICT,B_OTHER",511210,201305,201907,76,0
55829,TIGENIX,TIGENIX|TIGENIX (Last Known),2,TIG,TIG,B_OTHER,325412,201612,201807,20,0
55154,TRILLIUM THERAPEUTICS INC,TRILLIUM THERAPEUTICS INC|TRILLIUM THERAPEUTICS INC (Last Known),2,TRIL,TRIL,B_OTHER,621511,201412,202111,84,0
21863,VERSAR INC,VERSAR INC|VERSAR INC (Last Known),2,VSR,VSR,B_OTHER,541330,201001,201709,93,0
