parent_company,ticker,year,ai_patents_parent_only,ai_patents_with_subs,all_patents_with_subs,ai_share,n_papers,annual_return,annual_sp500_return,annual_excess_return,months_in_year,patent_truncated
Alphabet,GOOGL,2010,105,105,338,0.3107,,-0.041952,0.127828,-0.16978,12,0
Alphabet,GOOGL,2011,266,266,945,0.2815,,0.08743,-3e-05,0.08746,12,0
Alphabet,GOOGL,2012,397,401,1597,0.2511,,0.095185,0.134057,-0.038872,12,0
Alphabet,GOOGL,2013,603,641,2238,0.2864,,0.584311,0.296015,0.288296,12,0
Alphabet,GOOGL,2014,497,528,1946,0.2713,,-0.054462,0.113904,-0.168366,12,0
Alphabet,GOOGL,2015,540,550,1679,0.3276,,0.466119,-0.007266,0.473385,12,0
Alphabet,GOOGL,2016,736,765,2023,0.3782,2,0.018559,0.095351,-0.076793,12,0
Alphabet,GOOGL,2017,721,836,2148,0.3892,161,0.329296,0.194199,0.135096,12,0
Alphabet,GOOGL,2018,597,726,1710,0.4246,322,-0.008013,-0.062372,0.054359,12,0
Alphabet,GOOGL,2019,903,1117,2296,0.4865,730,0.281762,0.288778,-0.007017,12,0
Alphabet,GOOGL,2020,950,1219,2445,0.4986,896,0.308535,0.16259,0.145945,12,0
Alphabet,GOOGL,2021,873,1139,2232,0.5103,654,0.652958,0.268925,0.384033,12,0
Alphabet,GOOGL,2022,949,1186,2397,0.4948,101,-0.390895,-0.194429,-0.196467,12,0
Alphabet,GOOGL,2023,1106,1377,2534,0.5434,101,0.583251,0.242305,0.340946,12,0
Alphabet,GOOGL,2024,989,1222,2110,0.5791,99,0.360065,0.233091,0.126974,12,1
Alphabet,GOOGL,2025,487,560,939,0.5964,73,0.660024,0.163879,0.496145,12,1
Amazon,AMZN,2010,1,1,29,0.0345,,0.33809,0.127828,0.210262,12,0
Amazon,AMZN,2011,2,3,56,0.0536,,-0.038334,-3e-05,-0.038304,12,0
Amazon,AMZN,2012,11,14,101,0.1386,,0.449275,0.134057,0.315219,12,0
Amazon,AMZN,2013,37,45,353,0.1275,,0.589627,0.296015,0.293612,12,0
Amazon,AMZN,2014,115,126,553,0.2278,,-0.22177,0.113904,-0.335675,12,0
Amazon,AMZN,2015,89,109,600,0.1817,,1.177833,-0.007266,1.185099,12,0
Amazon,AMZN,2016,93,114,602,0.1894,2,0.109456,0.095351,0.014105,12,0
Amazon,AMZN,2017,122,145,638,0.2273,31,0.559563,0.194199,0.365364,12,0
Amazon,AMZN,2018,115,122,557,0.219,53,0.284317,-0.062372,0.346689,12,0
Amazon,AMZN,2019,162,169,638,0.2649,151,0.230279,0.288778,-0.0585,12,0
Amazon,AMZN,2020,179,224,580,0.3862,220,0.762561,0.16259,0.599971,12,0
Amazon,AMZN,2021,95,161,421,0.3824,182,0.023769,0.268925,-0.245156,12,0
Amazon,AMZN,2022,128,182,440,0.4136,49,-0.496152,-0.194429,-0.301723,12,0
Amazon,AMZN,2023,166,200,405,0.4938,34,0.808809,0.242305,0.566504,12,0
Amazon,AMZN,2024,134,166,322,0.5155,33,0.443929,0.233091,0.210838,12,1
Amazon,AMZN,2025,54,73,155,0.471,30,0.0521,0.163879,-0.111779,12,1
Apple,AAPL,2010,45,45,783,0.0575,,0.530663,0.127828,0.402835,12,0
Apple,AAPL,2011,46,46,829,0.0555,,0.25558,-3e-05,0.255611,12,0
Apple,AAPL,2012,93,93,1825,0.051,,0.325885,0.134057,0.191828,12,0
Apple,AAPL,2013,156,156,1856,0.0841,,0.080604,0.296015,-0.215411,12,0
Apple,AAPL,2014,169,169,2187,0.0773,,0.406172,0.113904,0.292267,12,0
Apple,AAPL,2015,201,201,2087,0.0963,,-0.03018,-0.007266,-0.022913,12,0
Apple,AAPL,2016,220,220,2043,0.1077,,0.124807,0.095351,0.029456,12,0
Apple,AAPL,2017,208,208,1903,0.1093,2,0.484755,0.194199,0.290556,12,0
Apple,AAPL,2018,279,279,2051,0.136,5,-0.053913,-0.062372,0.008459,12,0
Apple,AAPL,2019,283,283,2213,0.1279,12,0.889666,0.288778,0.600887,12,0
Apple,AAPL,2020,308,308,2917,0.1056,37,0.823093,0.16259,0.660503,12,0
Apple,AAPL,2021,300,300,2494,0.1203,22,0.346477,0.268925,0.077552,12,0
Apple,AAPL,2022,347,347,2910,0.1192,10,-0.264043,-0.194429,-0.069614,12,0
Apple,AAPL,2023,413,413,3181,0.1298,12,0.490041,0.242305,0.247736,12,0
Apple,AAPL,2024,347,347,2908,0.1193,11,0.30705,0.233091,0.07396,12,1
Apple,AAPL,2025,292,292,1768,0.1652,7,0.090447,0.163879,-0.073432,12,1
Broadcom,AVGO,2010,1,1,130,0.0077,,0.557537,0.127828,0.429709,12,0
Broadcom,AVGO,2011,2,2,136,0.0147,,0.02858,-3e-05,0.02861,12,0
Broadcom,AVGO,2012,0,0,113,0.0,,0.116064,0.134057,-0.017992,12,0
Broadcom,AVGO,2013,1,1,127,0.0079,,0.706808,0.296015,0.410793,12,0
Broadcom,AVGO,2014,0,3,203,0.0148,,0.931869,0.113904,0.817965,12,0
Broadcom,AVGO,2015,8,8,188,0.0426,,0.460395,-0.007266,0.467662,12,0
Broadcom,AVGO,2016,0,1,244,0.0041,,0.236394,0.095351,0.141043,12,0
Broadcom,AVGO,2017,0,0,138,0.0,,0.481954,0.194199,0.287754,12,0
Broadcom,AVGO,2018,3,3,160,0.0187,,0.021583,-0.062372,0.083955,12,0
Broadcom,AVGO,2019,3,3,114,0.0263,,0.291074,0.288778,0.002296,12,0
Broadcom,AVGO,2020,0,0,20,0.0,,0.449126,0.16259,0.286537,12,0
Broadcom,AVGO,2021,5,5,55,0.0909,,0.564294,0.268925,0.295369,12,0
Broadcom,AVGO,2022,9,9,134,0.0672,,-0.132655,-0.194429,0.061774,12,0
Broadcom,AVGO,2023,6,6,178,0.0337,,1.042301,0.242305,0.799996,12,0
Broadcom,AVGO,2024,11,15,279,0.0538,,1.104327,0.233091,0.871236,12,1
Broadcom,AVGO,2025,4,6,91,0.0659,,0.506471,0.163879,0.342592,12,1
Meta,META,2010,6,6,8,0.75,,,,,,0
Meta,META,2011,0,0,5,0.0,,,,,,0
Meta,META,2012,51,51,208,0.2452,,-0.303727,0.02023,-0.323958,8,0
Meta,META,2013,102,102,369,0.2764,,1.052953,0.296015,0.756938,12,0
Meta,META,2014,221,221,647,0.3416,,0.427656,0.113904,0.313752,12,0
Meta,META,2015,280,281,813,0.3456,,0.341452,-0.007266,0.348719,12,0
Meta,META,2016,375,388,1041,0.3727,,0.099272,0.095351,0.003921,12,0
Meta,META,2017,468,476,1210,0.3934,54,0.533767,0.194199,0.339568,12,0
Meta,META,2018,161,166,521,0.3186,118,-0.257111,-0.062372,-0.194739,12,0
Meta,META,2019,169,173,620,0.279,211,0.565719,0.288778,0.276941,12,0
Meta,META,2020,154,155,622,0.2492,322,0.330863,0.16259,0.168273,12,0
Meta,META,2021,167,167,661,0.2526,269,0.23133,0.268925,-0.037595,12,0
Meta,META,2022,212,212,957,0.2215,23,-0.642218,-0.194429,-0.447789,12,0
Meta,META,2023,171,171,728,0.2349,15,1.94133,0.242305,1.699025,12,0
Meta,META,2024,114,115,480,0.2396,6,0.660463,0.233091,0.427372,12,1
Meta,META,2025,82,83,331,0.2508,4,0.130885,0.163879,-0.032994,12,1
Microsoft,MSFT,2010,609,609,3045,0.2,,-0.065318,0.127828,-0.193146,12,0
Microsoft,MSFT,2011,586,586,3100,0.189,,-0.045212,-3e-05,-0.045181,12,0
Microsoft,MSFT,2012,464,465,2372,0.196,1,0.058369,0.134057,-0.075687,12,0
Microsoft,MSFT,2013,504,504,2336,0.2158,,0.442845,0.296015,0.146831,12,0
Microsoft,MSFT,2014,579,579,2457,0.2357,4,0.275443,0.113904,0.161539,12,0
Microsoft,MSFT,2015,605,606,2499,0.2425,,0.22696,-0.007266,0.234226,12,0
Microsoft,MSFT,2016,781,791,2984,0.2651,,0.150665,0.095351,0.055314,12,0
Microsoft,MSFT,2017,878,940,3279,0.2867,138,0.40717,0.194199,0.212971,12,0
Microsoft,MSFT,2018,945,948,2548,0.3721,224,0.20799,-0.062372,0.270362,12,0
Microsoft,MSFT,2019,871,871,2521,0.3455,408,0.575709,0.288778,0.286931,12,0
Microsoft,MSFT,2020,602,602,1491,0.4038,543,0.425343,0.16259,0.262754,12,0
Microsoft,MSFT,2021,717,717,1870,0.3834,429,0.524764,0.268925,0.255839,12,0
Microsoft,MSFT,2022,826,856,2246,0.3811,122,-0.280166,-0.194429,-0.085737,12,0
Microsoft,MSFT,2023,878,890,1993,0.4466,94,0.58192,0.242305,0.339615,12,0
Microsoft,MSFT,2024,695,699,1561,0.4478,82,0.129205,0.233091,-0.103886,12,1
Microsoft,MSFT,2025,198,199,524,0.3798,69,0.155864,0.163879,-0.008015,12,1
Nvidia,NVDA,2010,1,1,37,0.027,,-0.175588,0.127828,-0.303416,12,0
Nvidia,NVDA,2011,0,0,64,0.0,,-0.099999,-3e-05,-0.099969,12,0
Nvidia,NVDA,2012,12,12,420,0.0286,,-0.109665,0.134057,-0.243722,12,0
Nvidia,NVDA,2013,25,25,596,0.0419,,0.335156,0.296015,0.039141,12,0
Nvidia,NVDA,2014,6,6,158,0.038,,0.274028,0.113904,0.160124,12,0
Nvidia,NVDA,2015,7,7,143,0.049,,0.670972,-0.007266,0.678239,12,0
Nvidia,NVDA,2016,4,4,80,0.05,,2.269406,0.095351,2.174054,12,0
Nvidia,NVDA,2017,23,23,76,0.3026,13,0.819813,0.194199,0.625614,12,0
Nvidia,NVDA,2018,64,64,166,0.3855,33,-0.308159,-0.062372,-0.245787,12,0
Nvidia,NVDA,2019,170,170,287,0.5923,59,0.769458,0.288778,0.480679,12,0
Nvidia,NVDA,2020,240,242,470,0.5149,99,1.223022,0.16259,1.060432,12,0
Nvidia,NVDA,2021,309,318,691,0.4602,80,1.254785,0.268925,0.985859,12,0
Nvidia,NVDA,2022,329,352,909,0.3872,24,-0.50266,-0.194429,-0.308232,12,0
Nvidia,NVDA,2023,431,445,949,0.4689,26,2.39019,0.242305,2.147885,12,0
Nvidia,NVDA,2024,480,499,1112,0.4487,31,1.712492,0.233091,1.479401,12,1
Nvidia,NVDA,2025,255,261,530,0.4925,26,0.389156,0.163879,0.225278,12,1
Tesla,TSLA,2010,0,0,40,0.0,,0.114692,0.154424,-0.039733,7,0
Tesla,TSLA,2011,0,0,53,0.0,,0.072474,-3e-05,0.072504,12,0
Tesla,TSLA,2012,0,0,74,0.0,,0.185924,0.134057,0.051868,12,0
Tesla,TSLA,2013,0,0,41,0.0,,3.441361,0.296015,3.145346,12,0
Tesla,TSLA,2014,0,0,26,0.0,,0.478507,0.113904,0.364602,12,0
Tesla,TSLA,2015,0,0,25,0.0,,0.079132,-0.007266,0.086398,12,0
Tesla,TSLA,2016,0,0,34,0.0,,-0.109664,0.095351,-0.205015,12,0
Tesla,TSLA,2017,4,4,77,0.0519,1,0.457018,0.194199,0.262819,12,0
Tesla,TSLA,2018,10,10,88,0.1136,,0.068894,-0.062372,0.131266,12,0
Tesla,TSLA,2019,13,13,59,0.2203,,0.257003,0.288778,-0.031775,12,0
Tesla,TSLA,2020,6,6,32,0.1875,,7.43438,0.16259,7.27179,12,0
Tesla,TSLA,2021,9,9,50,0.18,,0.497554,0.268925,0.228628,12,0
Tesla,TSLA,2022,14,14,94,0.1489,,-0.650315,-0.194429,-0.455886,12,0
Tesla,TSLA,2023,37,37,99,0.3737,,1.017211,0.242305,0.774906,12,0
Tesla,TSLA,2024,15,15,74,0.2027,,0.625244,0.233091,0.392153,12,1
Tesla,TSLA,2025,13,13,57,0.2281,,0.113608,0.163879,-0.05027,12,1
