ticker,permco,primary_name,assignee_name,decision,n_publications,first_filing_year,last_filing_year,note
V,52983,VISA INC,VISA INT SERVICE ASS,INCLUDE,2288,2010,2025,Visa 全球專利主體 harmonizer 縮寫 INTERNATIONAL SERVICE ASSOCIATION
V,52983,VISA INC,VISA USA INC,INCLUDE,117,2010,2023,Visa 美國子公司
V,52983,VISA INC,VISA EUROPE LTD,INCLUDE,58,2011,2025,2016-06-21 Visa Inc 完成收購 Visa Europe
TGT,20561,TARGET CORP,TARGET BRANDS INC,INCLUDE,896,2010,2025,Target 的智財持有子公司 專利均掛此名
ALTR,56117,ALTAIR ENGINEERING INC,ALTAIR ENG INC,INCLUDE,76,2010,2025,Altair Engineering 本體 harmonizer 縮寫 ENGINEERING
CACI,727,CACI INTERNATIONAL INC,CACI INC FED,INCLUDE,82,2019,2023,CACI Inc-Federal 為 CACI International 主要營運子公司
IQ,56299,IQIYI INC,BEIJING QIYI CENTURY SCIENCE & TECHNOLOGY CO LTD,INCLUDE,8,2017,2017,愛奇藝北京營運主體 中文名北京愛奇藝科技
RDS,47003,ROYAL DUTCH SHELL PLC,SHELL OIL CO,INCLUDE,1619,2010,2022,Shell 美國主體
RDS,47003,ROYAL DUTCH SHELL PLC,SHELL USA INC,INCLUDE,106,2020,2025,2022 Shell Oil Co 更名
RDS,47003,ROYAL DUTCH SHELL PLC,SHELL INT RESEARCH,INCLUDE,61,2010,2022,Shell International Research 研發主體
RDS,47003,ROYAL DUTCH SHELL PLC,SHELL CANADA ENERGY,INCLUDE,12,2013,2015,Shell 加拿大子公司
VRSK,53256,VERISK ANALYTICS INC,XACTWARE SOLUTIONS INC,INCLUDE,31,2014,2025,Verisk 子公司 保險理賠估價軟體
VRSK,53256,VERISK ANALYTICS INC,COMMERCE SIGNALS INC C/O VERISK ANALYTICS INC,INCLUDE,4,2020,2022,字典名稱直接寫明 c/o Verisk Analytics
AFL,92,AFLAC INC,AMERICAN FAMILY LIFE ASSURANCE COMPANY OF COLUMBUS,INCLUDE,4,2018,2020,AFLAC 全稱 未被 harmonizer 縮寫
IAC,11901,IAC INTERACTIVECORP,IAC SEARCH & MEDIA INC,INCLUDE,21,2010,2014,IAC 旗下 Ask.com 母體
PII,21425,POLARIS INDUSTRIES INC,POLARIS INC,INCLUDE,773,2010,2025,2018 Polaris Industries 更名為 Polaris Inc
INGR,32174,INGREDION INC,CORN PRODUCTS DEV INC,INCLUDE,155,2012,2025,Ingredion 前身 Corn Products International 研發主體
MYL,3104,MYLAN N V,MYLAN INC,INCLUDE,65,2010,2020,Mylan 美國主體
MYL,3104,MYLAN N V,MYLAN LABORATORIES LTD,INCLUDE,43,2014,2025,Mylan 印度子公司
MYL,3104,MYLAN N V,MYLAN LAB LTD,INCLUDE,13,2011,2015,同上 harmonizer 縮寫變體
MYL,3104,MYLAN N V,MYLAN TECHNOLOGIES INC,INCLUDE,10,2010,2015,Mylan 透皮貼片子公司
NEM,21286,NEWMONT MINING CORP,NEWMONT USA LTD,INCLUDE,3,2014,2017,Newmont Mining 美國營運主體
NEE,20684,NEXTERA ENERGY INC,FLORIDA POWER & LIGHT CO,INCLUDE,97,2011,2025,NextEra Energy 主要子公司 專利掛 FPL 名下
OXY,21322,OCCIDENTAL PETROLEUM CORP,OCCIDENTAL CHEM CO,INCLUDE,29,2011,2024,Occidental Petroleum 化學部門 OxyChem
OXY,21322,OCCIDENTAL PETROLEUM CORP,OCCIDENTAL OIL AND GAS CORP,INCLUDE,5,2021,2024,Occidental 油氣子公司
RGTI,58063,RIGETTI COMPUTING INC,RIGETTI & CO INC,INCLUDE,42,2015,2024,Rigetti Computing 專利登記主體
RGTI,58063,RIGETTI COMPUTING INC,RIGETTI & CO LLC,INCLUDE,38,2021,2025,同上 改制前形式
TTNP,14293,TITAN PHARMACEUTICALS INC DEL,TITAN PHARMACEUTICALS INC,INCLUDE,22,2011,2023,與 roster 同名 但 core 被 PHARMACEUTICALS 差異擋下
LJPC,13125,LA JOLLA PHARMACEUTICAL CO,LA JOLLA PHARMA CO,INCLUDE,13,2015,2021,La Jolla Pharmaceutical 本體
LJPC,13125,LA JOLLA PHARMACEUTICAL CO,LA JOLLA PHARMA LLC,INCLUDE,8,2018,2024,同上 改制後形式
XPER,59381,XPERI INC,TESSERA INC,INCLUDE,290,2010,2022,Xperi 前身 Tessera Technologies
XPER,59381,XPERI INC,DTS INC,INCLUDE,116,2010,2024,2016-12 Tessera 收購 DTS 後改名 Xperi
XPER,59381,XPERI INC,TESSERA TECH IRELAND LTD,INCLUDE,95,2010,2011,Tessera 愛爾蘭智財主體
TCH,36381,TECHNICOLOR,THOMSON LICENSING,INCLUDE,2189,2010,2023,Technicolor 前身 Thomson SA 的專利授權主體 roster naics=334310 影音設備
TCH,36381,TECHNICOLOR,THOMSON LICENSING SA,INCLUDE,19,2010,2012,同上 法國母體
TCH,36381,TECHNICOLOR,THOMSON LICENSING A CORP,INCLUDE,12,2010,2012,同上 字典中的另一種寫法
TCH,36381,TECHNICOLOR,THOMSON LICENSING LLC,INCLUDE,11,2010,2011,同上 美國實體
TCH,36381,TECHNICOLOR,THOMSON LICENSING DTV,INCLUDE,4,2017,2017,同上 數位電視部門
BRC,7113,BRADY CORP,BRADY WORLDWIDE INC,INCLUDE,86,2011,2025,Brady Corp 主要營運子公司 roster naics=339999
ADBE,8476,ADOBE SYSTEMS INC,ADOBE INC,INCLUDE,3214,2017,2025,Adobe Systems 於 2018 更名為 Adobe Inc 同一法人
AMZN,15473,AMAZON COM INC,AMAZON TECH INC,INCLUDE,5844,2010,2025,Amazon Technologies Inc 亞馬遜的專利持有實體
APTV,53927,APTIV PLC,DELPHI INT OPERATIONS LUXEMBOURG SARL,INCLUDE,121,2012,2018,Delphi/Aptiv 的海外營運實體
APTV,53927,APTIV PLC,DELPHI TECH INC,INCLUDE,1017,2010,2018,Delphi Automotive 於 2017 更名 Aptiv CRSP 同一 permco(all_tickers 含 DLPH)
APTV,53927,APTIV PLC,DELPHI TECH IP LTD,INCLUDE,263,2016,2024,Delphi/Aptiv 的 IP 持有實體
APTV,53927,APTIV PLC,DELPHI TECH LLC,INCLUDE,105,2016,2021,Delphi/Aptiv 的營運實體
CRM,45288,SALESFORCE COM INC,SALESFORCE INC,INCLUDE,930,2021,2025,Salesforce.com 於 2022 更名為 Salesforce Inc 同一法人
CSCO,10486,CISCO SYSTEMS INC,CISCO TECH INC,INCLUDE,12946,2010,2025,Cisco Technology Inc 思科的專利持有實體
DAN,52956,DANA INC,DANA AUTOMOTIVE SYSTEMS GROUP,INCLUDE,366,2011,2025,Dana 汽車系統事業子公司
DAN,52956,DANA INC,DANA BELGIUM NV,INCLUDE,136,2013,2025,Dana 比利時 全資
DAN,52956,DANA INC,DANA CANADA CORP,INCLUDE,155,2010,2024,Dana 加拿大 全資
DAN,52956,DANA INC,DANA HEAVY VEHICLE SYS GROUP,INCLUDE,288,2011,2024,Dana 商用車事業子公司
DAN,52956,DANA INC,DANA ITALIA SRL,INCLUDE,135,2016,2025,Dana 義大利 全資
DELL,9833,DELL INC,DELL PRODUCTS LP,INCLUDE,14004,2010,2025,Dell Products LP 為戴爾的專利申請主體
DELL,9833,DELL INC,DELL SOFTWARE INC,INCLUDE,158,2013,2017,Dell Software 為戴爾軟體事業子公司
DOW,20597,DOW CHEMICAL CO,DOW AGROSCIENCES LLC,INCLUDE,1427,2010,2023,Dow AgroSciences 為陶氏全資農化子公司
DOW,20597,DOW CHEMICAL CO,DOW CORNING,INCLUDE,461,2010,2019,Dow Corning 2016 起為陶氏全資子公司
DOW,20597,DOW CHEMICAL CO,DOW GLOBAL TECHNOLOGIES INC,INCLUDE,105,2010,2020,Dow Global Technologies 改制前名稱
DOW,20597,DOW CHEMICAL CO,DOW GLOBAL TECHNOLOGIES LLC,INCLUDE,5136,2010,2025,Dow Global Technologies 為陶氏的專利持有實體
DOW,20597,DOW CHEMICAL CO,DOW SILICONES CORP,INCLUDE,706,2013,2025,Dow Corning 2016 由陶氏全資持有後更名 Dow Silicones
ETN,20627,EATON CORP PLC,EATON INTELLIGENT POWER LTD,INCLUDE,2135,2016,2025,Eaton Intelligent Power Ltd 為 Eaton 的 IP 持有實體
FLEX,12930,FLEX LTD,FLEXTRONICS AP LLC,INCLUDE,474,2010,2024,Flextronics 於 2016 更名為 Flex Ltd 同一法人
LMT,21110,LOCKHEED MARTIN CORP,LOCKHEED CORP,INCLUDE,1517,2010,2025,Lockheed Corp 為 Lockheed Martin 合併前身 專利已歸屬現法人
LN,55609,LINE CORP,LINE PLUS CORP,INCLUDE,176,2015,2025,LINE Plus 為 LINE Corp 的海外營運子公司
MSI,21230,MOTOROLA SOLUTIONS INC,MOTOROLA INC,INCLUDE,262,2010,2014,Motorola Inc 2011 更名為 Motorola Solutions CRSP 同一 permco(all_tickers 含 MOT)
PSO,39138,PEARSON PLC,PEARSON EDUCATION INC,INCLUDE,344,2012,2025,Pearson Education 為 Pearson plc 全資子公司
SNE,21633,SONY CORP,SONY COMP ENTERTAINMENT US,INCLUDE,224,2010,2016,Sony Interactive Entertainment 美國 改名前名稱
SNE,21633,SONY CORP,SONY COMPUTER ENTERTAINMENT INC,INCLUDE,874,2010,2016,Sony Interactive Entertainment 改名前名稱
SNE,21633,SONY CORP,SONY CORP AMERICA,INCLUDE,205,2010,2025,Sony 美國控股 全資
SNE,21633,SONY CORP,SONY ELECTRONICS INC,INCLUDE,214,2010,2024,Sony 美國電子事業 全資
SNE,21633,SONY CORP,SONY EUROPE LTD,INCLUDE,113,2010,2020,Sony 歐洲 全資
SNE,21633,SONY CORP,SONY INTERACTIVE ENTERTAINMENT AMERICA LLC,INCLUDE,284,2015,2023,Sony PlayStation 美洲 全資
SNE,21633,SONY CORP,SONY INTERACTIVE ENTERTAINMENT EUROPE LTD,INCLUDE,128,2017,2025,Sony PlayStation 歐洲 全資
SNE,21633,SONY CORP,SONY INTERACTIVE ENTERTAINMENT INC,INCLUDE,2735,2014,2025,Sony PlayStation 事業全資子公司
SNE,21633,SONY CORP,SONY MOBILE COMM AB,INCLUDE,193,2010,2017,2012 起由 Sony 全資持有（買回 Ericsson 持股）
SNE,21633,SONY CORP,SONY MOBILE COMMUNICATIONS INC,INCLUDE,461,2013,2025,2012 起由 Sony 全資持有（買回 Ericsson 持股）
SNE,21633,SONY CORP,SONY NETWORK ENTERTAINMENT INT,INCLUDE,153,2010,2015,Sony 網路娛樂事業 全資
SNE,21633,SONY CORP,SONY SEMICONDUCTOR SOLUTIONS CORP,INCLUDE,4676,2015,2025,Sony 半導體事業全資子公司
SNE,21633,SONY CORP,Sony Interactive Entertainment LLC,INCLUDE,711,2016,2025,Sony PlayStation 事業全資子公司
SWKS,20058,SKYWORKS SOLUTIONS INC,SKYWORKS GLOBAL PTE LTD,INCLUDE,119,2019,2025,Skyworks Global 為 Skyworks Solutions 的海外持有實體
TDY,36380,TELEDYNE TECHNOLOGIES,TELEDYNE SCIENT & IMAGING LLC,INCLUDE,138,2010,2025,Teledyne Scientific & Imaging 為 Teledyne 全資子公司
TM,4521,TOYOTA MOTOR CORP,TOYOTA ENG & MFG NORTH AMERICA,INCLUDE,3986,2010,2025,豐田北美研發製造中心 全資
TM,4521,TOYOTA MOTOR CORP,TOYOTA RES INST INC,INCLUDE,1049,2017,2025,Toyota Research Institute 豐田 AI 研究所 全資
TMO,4557,THERMO FISHER SCIENTIFIC INC,THERMO FINNIGAN LLC,INCLUDE,354,2010,2025,Thermo Finnigan 為 Thermo Fisher 質譜事業子公司
XRAY,9424,DENTSPLY SIRONA INC,DENTSPLY INT INC,INCLUDE,161,2010,2017,Dentsply International 與 Sirona 合併為 Dentsply Sirona 同一法人
ALTR,56117,ALTAIR ENGINEERING INC,ALTAIR SEMICONDUCTOR LTD,EXCLUDE,16,2010,2022,以色列 LTE 晶片商 2016 被 Sony 收購 與 Altair Engineering 無關
ALTR,56117,ALTAIR ENGINEERING INC,ALTAIRE PHARMACEUTICALS INC,EXCLUDE,3,2019,2021,眼科藥廠 名稱相近但無關
RDS,47003,ROYAL DUTCH SHELL PLC,SHELL INTERNET BEIJING SECURITY TECHNOLOGY CO LTD,EXCLUDE,7,2013,2015,中國網路安全公司 與 Royal Dutch Shell 無關
RDS,47003,ROYAL DUTCH SHELL PLC,SHELL INTERNET (BEIJING) SECURITY TECH CO LTD,EXCLUDE,6,2014,2014,同上 字典中的另一種寫法
RDS,47003,ROYAL DUTCH SHELL PLC,SHELL SHOCK TECH LLC,EXCLUDE,3,2019,2024,彈藥技術 與 Royal Dutch Shell 無關
IAC,11901,IAC INTERACTIVECORP,IAC IN NAT UNIV CHUNGNAM,EXCLUDE,150,2010,2025,韓國忠南大學產學合作機構 非 IAC/InterActiveCorp
PII,21425,POLARIS INDUSTRIES INC,POLARIS WIRELESS INC,EXCLUDE,66,2010,2024,美國定位技術公司 與 Polaris Industries 無關
PII,21425,POLARIS INDUSTRIES INC,POLARIS SENSOR TECH INC,EXCLUDE,19,2015,2022,光學感測商 與 Polaris Industries 無關
MYL,3104,MYLAN N V,MYLAN GROUP,EXCLUDE,11,2010,2019,加拿大化工 與 Mylan NV 製藥無關
NEE,20684,NEXTERA ENERGY INC,NEXTERA VIDEO INC,EXCLUDE,4,2017,2020,影音技術公司 與 NextEra Energy 無關
OXY,21322,OCCIDENTAL PETROLEUM CORP,OCCIDENTAL COLLEGE,EXCLUDE,3,2016,2020,洛杉磯文理學院 非 Occidental Petroleum
RGTI,58063,RIGETTI COMPUTING INC,RIGETTI CHAD T,EXCLUDE,5,2011,2013,個人發明者姓名 非公司
LJPC,13125,LA JOLLA PHARMACEUTICAL CO,LA JOLLA INST FOR ALLERGY & IMMUNOLOGY,EXCLUDE,4,2015,2018,非營利研究機構 非 La Jolla Pharmaceutical
VRSK,53256,VERISK ANALYTICS INC,VERISKIN INC,EXCLUDE,4,2014,2023,皮膚檢測器材商 名稱相近但無關
XPER,59381,XPERI INC,ADEIA GUIDES INC,EXCLUDE,815,2023,2025,2022-10 Xperi 分拆 Adeia 為另一家上市公司 不應計入 XPER
CLVT,56766,CLARIVATE PLC,THOMSON REUTERS GLO RESOURCES,EXCLUDE,47,2010,2015,Clarivate 前身業務為 2016 從 Thomson Reuters 分拆的 IP&Science 但 TRI 本身在 roster 內 此類 THOMSON REUTERS* 實體一律歸 TRI 不歸 CLVT 否則重複計算
CLVT,56766,CLARIVATE PLC,THOMSON REUTERS GLOBAL RESOURCES UNLIMITED CO,EXCLUDE,43,2017,2020,同上
CLVT,56766,CLARIVATE PLC,THOMSON REUTERS ENTPR CENTRE GMBH,EXCLUDE,60,2020,2025,同上
TCH,36381,TECHNICOLOR,THOMSON REUTERS GLO RESOURCES,EXCLUDE,47,2010,2015,Thomson Reuters 實體 應歸 TRI 非 Technicolor
TCH,36381,TECHNICOLOR,THOMSON REUTERS MARKETS LLC,EXCLUDE,18,2010,2019,同上
TCH,36381,TECHNICOLOR,THOMSON FINANCIAL LLC,EXCLUDE,7,2011,2019,Thomson Reuters 金融資訊部門 應歸 TRI
TCH,36381,TECHNICOLOR,THOMSON IND INC,EXCLUDE,14,2011,2024,Thomson Industries 直線軸承製造商 與 Technicolor 無關
BRY,56450,BERRY CORP,BERRY PLASTICS CORP,EXCLUDE,232,2010,2025,Berry Global 前身 塑膠包裝 ticker BERY 非 BRY
BRY,56450,BERRY CORP,BERRY GLOBAL INC,EXCLUDE,190,2017,2025,同上 2017 更名
BRY,56450,BERRY CORP,BERRY METAL CO,EXCLUDE,30,2010,2021,冶金設備商 與 Berry Petroleum 無關
BRY,56450,BERRY CORP,BERRY GENOMICS CO LTD,EXCLUDE,15,2011,2022,中國基因定序公司 無關
AMAT,194,APPLIED MATERIALS INC,APPLIED BIOSYSTEMS LLC,EXCLUDE,310,2010,2022,人工複核為同名不同公司 首詞相同但非同一法人
AMAT,194,APPLIED MATERIALS INC,APPLIED MED RESOURCES,EXCLUDE,448,2010,2025,人工複核為同名不同公司 首詞相同但非同一法人
AMAT,194,APPLIED MATERIALS INC,APPLIED OPTOELECTRONICS INC,EXCLUDE,136,2010,2025,人工複核為同名不同公司 首詞相同但非同一法人
AMAT,194,APPLIED MATERIALS INC,APPLIED RES ASSOCIATES INC,EXCLUDE,101,2010,2025,人工複核為同名不同公司 首詞相同但非同一法人
AMD,211,ADVANCED MICRO DEVICES INC,ADVANCED BIONICS AG,EXCLUDE,370,2010,2025,人工複核為同名不同公司 首詞相同但非同一法人
AMD,211,ADVANCED MICRO DEVICES INC,ADVANCED CARDIOVASCULAR SYSTEM,EXCLUDE,116,2010,2015,人工複核為同名不同公司 首詞相同但非同一法人
AMD,211,ADVANCED MICRO DEVICES INC,ADVANCED CONNECTEK INC,EXCLUDE,296,2010,2025,人工複核為同名不同公司 首詞相同但非同一法人
AMD,211,ADVANCED MICRO DEVICES INC,ADVANCED DIGITAL BROADCAST SA,EXCLUDE,121,2010,2023,人工複核為同名不同公司 首詞相同但非同一法人
AMD,211,ADVANCED MICRO DEVICES INC,ADVANCED ENERGY IND INC,EXCLUDE,306,2010,2025,人工複核為同名不同公司 首詞相同但非同一法人
AMD,211,ADVANCED MICRO DEVICES INC,ADVANCED LIQUID LOGIC INC,EXCLUDE,131,2010,2025,人工複核為同名不同公司 首詞相同但非同一法人
AMD,211,ADVANCED MICRO DEVICES INC,ADVANCED NEUROMODULATION SYSTEMS INC,EXCLUDE,225,2016,2025,人工複核為同名不同公司 首詞相同但非同一法人
AMD,211,ADVANCED MICRO DEVICES INC,ADVANCED NEW TECHNOLOGIES CO LTD,EXCLUDE,533,2013,2024,人工複核為同名不同公司 首詞相同但非同一法人
AMD,211,ADVANCED MICRO DEVICES INC,ADVANCED OPTOELECTRONIC TECH,EXCLUDE,464,2010,2024,人工複核為同名不同公司 首詞相同但非同一法人
AMD,211,ADVANCED MICRO DEVICES INC,ADVANCED RISC MACH LTD,EXCLUDE,3256,2010,2025,ARM Ltd 與 AMD 無關
AMD,211,ADVANCED MICRO DEVICES INC,ADVANCED SEMICONDUCTOR ENG,EXCLUDE,1521,2010,2025,人工複核為同名不同公司 首詞相同但非同一法人
AMD,211,ADVANCED MICRO DEVICES INC,ADVANCED TECH MATERIALS,EXCLUDE,201,2010,2016,人工複核為同名不同公司 首詞相同但非同一法人
AMSC,11248,AMERICAN SUPERCONDUCTOR CORP,AMERICAN AXLE & MFG INC,EXCLUDE,260,2010,2025,人工複核為同名不同公司 首詞相同但非同一法人
AMSC,11248,AMERICAN SUPERCONDUCTOR CORP,AMERICAN EXPRESS TRAVEL RELATE,EXCLUDE,604,2010,2016,人工複核為同名不同公司 首詞相同但非同一法人
AMSC,11248,AMERICAN SUPERCONDUCTOR CORP,AMERICAN EXPRESS TRAVEL RELATED SERVICES CO INC,EXCLUDE,727,2015,2025,人工複核為同名不同公司 首詞相同但非同一法人
AMSC,11248,AMERICAN SUPERCONDUCTOR CORP,AMERICAN GREETINGS CORP,EXCLUDE,119,2010,2025,人工複核為同名不同公司 首詞相同但非同一法人
AMSC,11248,AMERICAN SUPERCONDUCTOR CORP,AMERICAN MEGATRENDS INC,EXCLUDE,261,2010,2019,人工複核為同名不同公司 首詞相同但非同一法人
AMSC,11248,AMERICAN SUPERCONDUCTOR CORP,AMERICAN POWER CONV CORP,EXCLUDE,110,2010,2012,人工複核為同名不同公司 首詞相同但非同一法人
AMSC,11248,AMERICAN SUPERCONDUCTOR CORP,AMERICAN STERILIZER CO,EXCLUDE,202,2010,2025,人工複核為同名不同公司 首詞相同但非同一法人
ANTM,42273,ANTHEM INC,ELEVANCE RENEWABLE SCIENCES,EXCLUDE,155,2011,2020,Elevance Renewable Sciences 為生質化學公司 與 Anthem/Elevance Health 無關
AS,59796,AMER SPORTS INC,AMERICAN AXLE & MFG INC,EXCLUDE,260,2010,2025,人工複核為同名不同公司 首詞相同但非同一法人
AS,59796,AMER SPORTS INC,AMERICAN EXPRESS TRAVEL RELATE,EXCLUDE,604,2010,2016,人工複核為同名不同公司 首詞相同但非同一法人
AS,59796,AMER SPORTS INC,AMERICAN EXPRESS TRAVEL RELATED SERVICES CO INC,EXCLUDE,727,2015,2025,人工複核為同名不同公司 首詞相同但非同一法人
AS,59796,AMER SPORTS INC,AMERICAN GREETINGS CORP,EXCLUDE,119,2010,2025,人工複核為同名不同公司 首詞相同但非同一法人
AS,59796,AMER SPORTS INC,AMERICAN MEGATRENDS INC,EXCLUDE,261,2010,2019,人工複核為同名不同公司 首詞相同但非同一法人
AS,59796,AMER SPORTS INC,AMERICAN POWER CONV CORP,EXCLUDE,110,2010,2012,人工複核為同名不同公司 首詞相同但非同一法人
AS,59796,AMER SPORTS INC,AMERICAN STERILIZER CO,EXCLUDE,202,2010,2025,人工複核為同名不同公司 首詞相同但非同一法人
AXP,90,AMERICAN EXPRESS CO,AMERICAN AXLE & MFG INC,EXCLUDE,260,2010,2025,人工複核為同名不同公司 首詞相同但非同一法人
AXP,90,AMERICAN EXPRESS CO,AMERICAN GREETINGS CORP,EXCLUDE,119,2010,2025,人工複核為同名不同公司 首詞相同但非同一法人
AXP,90,AMERICAN EXPRESS CO,AMERICAN MEGATRENDS INC,EXCLUDE,261,2010,2019,人工複核為同名不同公司 首詞相同但非同一法人
AXP,90,AMERICAN EXPRESS CO,AMERICAN POWER CONV CORP,EXCLUDE,110,2010,2012,人工複核為同名不同公司 首詞相同但非同一法人
AXP,90,AMERICAN EXPRESS CO,AMERICAN STERILIZER CO,EXCLUDE,202,2010,2025,人工複核為同名不同公司 首詞相同但非同一法人
BB,16396,BLACKBERRY LTD,RES & INNOVATION UK,EXCLUDE,101,2016,2025,人工複核為同名不同公司 首詞相同但非同一法人
BB,16396,BLACKBERRY LTD,RES INST ELECTRONICS & TELECOMM,EXCLUDE,127,2012,2013,人工複核為同名不同公司 首詞相同但非同一法人
BB,16396,BLACKBERRY LTD,RES INST IND SCIENCE & TECH,EXCLUDE,166,2010,2025,人工複核為同名不同公司 首詞相同但非同一法人
BB,16396,BLACKBERRY LTD,RES INST NATIONWIDE CHILDRENS HOSPITAL,EXCLUDE,196,2012,2025,人工複核為同名不同公司 首詞相同但非同一法人
BB,16396,BLACKBERRY LTD,RES TRIANGLE INST,EXCLUDE,215,2010,2025,人工複核為同名不同公司 首詞相同但非同一法人
BB,16396,BLACKBERRY LTD,RESEARCH & BUSINESS FOUND SUNGKYUNKWAN UNIV,EXCLUDE,1095,2015,2025,人工複核為同名不同公司 首詞相同但非同一法人
BK,20265,BANK OF NEW YORK MELLON CORP,BANK OF AMERICA,EXCLUDE,8142,2010,2025,人工複核為同名不同公司 首詞相同但非同一法人
BSX,29489,BOSTON SCIENTIFIC CORP,BOSTON DYNAMICS INC,EXCLUDE,273,2012,2025,Boston Dynamics 與 Boston Scientific 無關
CAH,6262,CARDINAL HEALTH INC,CARDINAL CG CO,EXCLUDE,103,2010,2025,人工複核為同名不同公司 首詞相同但非同一法人
CGIX,54507,CANCER GENETICS INC,CANCER RESEARCH TECH LTD,EXCLUDE,166,2015,2025,人工複核為同名不同公司 首詞相同但非同一法人
CHL,32104,CHINA MOBILE LTD,CHINA ACADEMY OF TELECOMM TECH,EXCLUDE,275,2010,2016,人工複核為同名不同公司 首詞相同但非同一法人
CHL,32104,CHINA MOBILE LTD,CHINA ACADEMY TELECOMMUNICATIONS TECHNOLOGY,EXCLUDE,504,2014,2020,人工複核為同名不同公司 首詞相同但非同一法人
CHL,32104,CHINA MOBILE LTD,CHINA NAT PETROLEUM CORP,EXCLUDE,113,2010,2025,人工複核為同名不同公司 首詞相同但非同一法人
CHL,32104,CHINA MOBILE LTD,CHINA PETROLEUM & CHEM CORP,EXCLUDE,610,2013,2025,人工複核為同名不同公司 首詞相同但非同一法人
CHL,32104,CHINA MOBILE LTD,CHINA PETROLEUM & CHEMICAL,EXCLUDE,150,2010,2015,人工複核為同名不同公司 首詞相同但非同一法人
CHL,32104,CHINA MOBILE LTD,CHINA UNIONPAY CO LTD,EXCLUDE,164,2011,2023,人工複核為同名不同公司 首詞相同但非同一法人
DAL,20569,DELTA AIR LINES INC,DELTA ELECTRONICS INC,EXCLUDE,2669,2010,2025,人工複核為同名不同公司 首詞相同但非同一法人
DAL,20569,DELTA AIR LINES INC,DELTA ELECTRONICS SHANGHAI CO,EXCLUDE,793,2011,2025,人工複核為同名不同公司 首詞相同但非同一法人
DAL,20569,DELTA AIR LINES INC,DELTA FAUCET CO,EXCLUDE,192,2015,2025,人工複核為同名不同公司 首詞相同但非同一法人
DAN,52956,DANA INC,DANA FARBER CANCER INST INC,EXCLUDE,1350,2010,2025,人工複核為同名不同公司 首詞相同但非同一法人
DOW,20597,DOW CHEMICAL CO,DOW CORNING TORAY CO LTD,EXCLUDE,210,2010,2020,與東麗合資 不計入
DOW,20597,DOW CHEMICAL CO,DOW TORAY CO LTD,EXCLUDE,205,2017,2024,與東麗合資 不計入
EMN,30070,EASTMAN CHEMICAL CO,EASTMAN KODAK CO,EXCLUDE,362,2010,2025,Eastman Kodak 與 Eastman Chemical 為不同公司
EW,36952,EDWARDS LIFESCIENCES CORP,EDWARDS JAPAN LTD,EXCLUDE,165,2010,2024,Edwards 真空設備日本 與 Edwards Lifesciences 無關
EW,36952,EDWARDS LIFESCIENCES CORP,EDWARDS LTD,EXCLUDE,282,2010,2025,Edwards 真空設備 與 Edwards Lifesciences 無關
GD,20791,GENERAL DYNAMICS CORP,GEN CABLE TECHNOLOGIES CORP,EXCLUDE,113,2010,2023,人工複核為同名不同公司 首詞相同但非同一法人
GD,20791,GENERAL DYNAMICS CORP,GEN ELECTRIC,EXCLUDE,23212,2010,2025,人工複核為同名不同公司 首詞相同但非同一法人
GD,20791,GENERAL DYNAMICS CORP,GEN HOSPITAL CORP,EXCLUDE,772,2010,2016,人工複核為同名不同公司 首詞相同但非同一法人
GD,20791,GENERAL DYNAMICS CORP,GEN INSTRUMENT CORP,EXCLUDE,518,2010,2014,人工複核為同名不同公司 首詞相同但非同一法人
GD,20791,GENERAL DYNAMICS CORP,GEN MILLS INC,EXCLUDE,344,2010,2025,人工複核為同名不同公司 首詞相同但非同一法人
GD,20791,GENERAL DYNAMICS CORP,GEN MOTORS LLC,EXCLUDE,401,2010,2021,人工複核為同名不同公司 首詞相同但非同一法人
GD,20791,GENERAL DYNAMICS CORP,GEN PROBE INC,EXCLUDE,570,2010,2025,人工複核為同名不同公司 首詞相同但非同一法人
GD,20791,GENERAL DYNAMICS CORP,GENERAL ELECTRIC RENOVABLES ESPANA SL,EXCLUDE,206,2018,2024,人工複核為同名不同公司 首詞相同但非同一法人
GD,20791,GENERAL DYNAMICS CORP,GENERAL ELECTRIC TECHNOLOGY GMBH,EXCLUDE,548,2013,2024,人工複核為同名不同公司 首詞相同但非同一法人
GD,20791,GENERAL DYNAMICS CORP,GENERAL INTERFACE SOLUTION LTD,EXCLUDE,199,2015,2024,人工複核為同名不同公司 首詞相同但非同一法人
GE,20792,GENERAL ELECTRIC CO,GEN CABLE TECHNOLOGIES CORP,EXCLUDE,113,2010,2023,人工複核為同名不同公司 首詞相同但非同一法人
GE,20792,GENERAL ELECTRIC CO,GEN HOSPITAL CORP,EXCLUDE,772,2010,2016,人工複核為同名不同公司 首詞相同但非同一法人
GE,20792,GENERAL ELECTRIC CO,GEN INSTRUMENT CORP,EXCLUDE,518,2010,2014,人工複核為同名不同公司 首詞相同但非同一法人
GE,20792,GENERAL ELECTRIC CO,GEN MILLS INC,EXCLUDE,344,2010,2025,人工複核為同名不同公司 首詞相同但非同一法人
GE,20792,GENERAL ELECTRIC CO,GEN MOTORS LLC,EXCLUDE,401,2010,2021,人工複核為同名不同公司 首詞相同但非同一法人
GE,20792,GENERAL ELECTRIC CO,GEN PROBE INC,EXCLUDE,570,2010,2025,人工複核為同名不同公司 首詞相同但非同一法人
GE,20792,GENERAL ELECTRIC CO,GENERAL INTERFACE SOLUTION LTD,EXCLUDE,199,2015,2024,人工複核為同名不同公司 首詞相同但非同一法人
GIS,20798,GENERAL MILLS INC,GEN CABLE TECHNOLOGIES CORP,EXCLUDE,113,2010,2023,人工複核為同名不同公司 首詞相同但非同一法人
GIS,20798,GENERAL MILLS INC,GEN ELECTRIC,EXCLUDE,23212,2010,2025,人工複核為同名不同公司 首詞相同但非同一法人
GIS,20798,GENERAL MILLS INC,GEN HOSPITAL CORP,EXCLUDE,772,2010,2016,人工複核為同名不同公司 首詞相同但非同一法人
GIS,20798,GENERAL MILLS INC,GEN INSTRUMENT CORP,EXCLUDE,518,2010,2014,人工複核為同名不同公司 首詞相同但非同一法人
GIS,20798,GENERAL MILLS INC,GEN MOTORS LLC,EXCLUDE,401,2010,2021,人工複核為同名不同公司 首詞相同但非同一法人
GIS,20798,GENERAL MILLS INC,GEN PROBE INC,EXCLUDE,570,2010,2025,人工複核為同名不同公司 首詞相同但非同一法人
GIS,20798,GENERAL MILLS INC,GENERAL ELECTRIC RENOVABLES ESPANA SL,EXCLUDE,206,2018,2024,人工複核為同名不同公司 首詞相同但非同一法人
GIS,20798,GENERAL MILLS INC,GENERAL ELECTRIC TECHNOLOGY GMBH,EXCLUDE,548,2013,2024,人工複核為同名不同公司 首詞相同但非同一法人
GIS,20798,GENERAL MILLS INC,GENERAL INTERFACE SOLUTION LTD,EXCLUDE,199,2015,2024,人工複核為同名不同公司 首詞相同但非同一法人
GM,53554,GENERAL MOTORS CO,GEN CABLE TECHNOLOGIES CORP,EXCLUDE,113,2010,2023,人工複核為同名不同公司 首詞相同但非同一法人
GM,53554,GENERAL MOTORS CO,GEN ELECTRIC,EXCLUDE,23212,2010,2025,人工複核為同名不同公司 首詞相同但非同一法人
GM,53554,GENERAL MOTORS CO,GEN HOSPITAL CORP,EXCLUDE,772,2010,2016,人工複核為同名不同公司 首詞相同但非同一法人
GM,53554,GENERAL MOTORS CO,GEN INSTRUMENT CORP,EXCLUDE,518,2010,2014,人工複核為同名不同公司 首詞相同但非同一法人
GM,53554,GENERAL MOTORS CO,GEN MILLS INC,EXCLUDE,344,2010,2025,人工複核為同名不同公司 首詞相同但非同一法人
GM,53554,GENERAL MOTORS CO,GEN PROBE INC,EXCLUDE,570,2010,2025,人工複核為同名不同公司 首詞相同但非同一法人
GM,53554,GENERAL MOTORS CO,GENERAL ELECTRIC RENOVABLES ESPANA SL,EXCLUDE,206,2018,2024,人工複核為同名不同公司 首詞相同但非同一法人
GM,53554,GENERAL MOTORS CO,GENERAL ELECTRIC TECHNOLOGY GMBH,EXCLUDE,548,2013,2024,人工複核為同名不同公司 首詞相同但非同一法人
GM,53554,GENERAL MOTORS CO,GENERAL INTERFACE SOLUTION LTD,EXCLUDE,199,2015,2024,人工複核為同名不同公司 首詞相同但非同一法人
GSK,1973,GLAXOSMITHKLINE PLC,G C DENTAL IND CORP,EXCLUDE,232,2010,2025,人工複核為同名不同公司 首詞相同但非同一法人
HD,5085,HOME DEPOT INC,HOME BOX OFFICE INC,EXCLUDE,136,2010,2024,人工複核為同名不同公司 首詞相同但非同一法人
HPE,55421,HEWLETT PACKARD ENTERPRISE CO,HEWLETT PACKARD DEVELOPMENT CO,EXCLUDE,10334,2010,2025,屬 2015 分拆後的 HP Inc(HPQ) HPQ 不在本名冊 HPE 自身實體為 HEWLETT PACKARD ENTPR DEV LP
HPE,55421,HEWLETT PACKARD ENTERPRISE CO,HEWLETT PACKARD DEVELOPMENT CO LP,EXCLUDE,1480,2011,2020,屬 2015 分拆後的 HP Inc(HPQ) 不歸 HPE
HPE,55421,HEWLETT PACKARD ENTERPRISE CO,HEWLETT PACKARD INDIGO BV,EXCLUDE,172,2010,2022,HP Indigo 數位印刷屬分拆後的 HP Inc(HPQ) 不歸 HPE
HRBN,51655,HARBIN ELECTRIC INC,HARBIN INST TECHNOLOGY,EXCLUDE,185,2016,2025,人工複核為同名不同公司 首詞相同但非同一法人
IRF,20996,INTERNATIONAL RECTIFIER CORP,INT ENGINE INTELLECTUAL PROP,EXCLUDE,199,2010,2015,人工複核為同名不同公司 首詞相同但非同一法人
IRF,20996,INTERNATIONAL RECTIFIER CORP,INT FLAVORS & FRAGRANCES INC,EXCLUDE,252,2011,2025,人工複核為同名不同公司 首詞相同但非同一法人
IRF,20996,INTERNATIONAL RECTIFIER CORP,INT PAPER CO,EXCLUDE,356,2010,2025,人工複核為同名不同公司 首詞相同但非同一法人
JCI,21019,JOHNSON CONTROLS INC,JOHNSON & JOHNSON CONSUMER,EXCLUDE,100,2010,2015,人工複核為同名不同公司 首詞相同但非同一法人
JCI,21019,JOHNSON CONTROLS INC,JOHNSON & JOHNSON CONSUMER INC,EXCLUDE,415,2014,2024,人工複核為同名不同公司 首詞相同但非同一法人
JCI,21019,JOHNSON CONTROLS INC,JOHNSON & JOHNSON SURGICAL VISION INC,EXCLUDE,250,2018,2025,人工複核為同名不同公司 首詞相同但非同一法人
JCI,21019,JOHNSON CONTROLS INC,JOHNSON & JOHNSON VISION CARE,EXCLUDE,707,2012,2025,人工複核為同名不同公司 首詞相同但非同一法人
JCI,21019,JOHNSON CONTROLS INC,JOHNSON & SON INC S C,EXCLUDE,368,2010,2025,人工複核為同名不同公司 首詞相同但非同一法人
JCI,21019,JOHNSON CONTROLS INC,JOHNSON ELECTRIC SA,EXCLUDE,537,2010,2018,人工複核為同名不同公司 首詞相同但非同一法人
JCI,21019,JOHNSON CONTROLS INC,JOHNSON MATTHEY PLC,EXCLUDE,1012,2010,2025,人工複核為同名不同公司 首詞相同但非同一法人
JNJ,21018,JOHNSON & JOHNSON,JOHNSON & SON INC S C,EXCLUDE,368,2010,2025,人工複核為同名不同公司 首詞相同但非同一法人
JNJ,21018,JOHNSON & JOHNSON,JOHNSON CONTROLS GMBH,EXCLUDE,131,2010,2016,人工複核為同名不同公司 首詞相同但非同一法人
JNJ,21018,JOHNSON & JOHNSON,JOHNSON CONTROLS TECH CO,EXCLUDE,2174,2010,2025,人工複核為同名不同公司 首詞相同但非同一法人
JNJ,21018,JOHNSON & JOHNSON,JOHNSON ELECTRIC SA,EXCLUDE,537,2010,2018,人工複核為同名不同公司 首詞相同但非同一法人
JNJ,21018,JOHNSON & JOHNSON,JOHNSON MATTHEY PLC,EXCLUDE,1012,2010,2025,人工複核為同名不同公司 首詞相同但非同一法人
JNJ,21018,JOHNSON & JOHNSON,Johnson Controls Tyco IP Holdings LLP,EXCLUDE,707,2019,2024,人工複核為同名不同公司 首詞相同但非同一法人
KEP,30497,KOREA ELECTRIC POWER CO,KOREA ADVANCED INST SCI & TECH,EXCLUDE,2869,2010,2025,人工複核為同名不同公司 首詞相同但非同一法人
KEP,30497,KOREA ELECTRIC POWER CO,KOREA AEROSPACE RES INST,EXCLUDE,219,2010,2025,人工複核為同名不同公司 首詞相同但非同一法人
KEP,30497,KOREA ELECTRIC POWER CO,KOREA ATOMIC ENERGY RES,EXCLUDE,347,2010,2025,人工複核為同名不同公司 首詞相同但非同一法人
KEP,30497,KOREA ELECTRIC POWER CO,KOREA BASIC SCIENCE INST,EXCLUDE,155,2010,2025,人工複核為同名不同公司 首詞相同但非同一法人
KEP,30497,KOREA ELECTRIC POWER CO,KOREA ELECTRONICS TECHNOLOGY,EXCLUDE,687,2010,2025,人工複核為同名不同公司 首詞相同但非同一法人
KEP,30497,KOREA ELECTRIC POWER CO,KOREA ELECTRONICS TELECOMM,EXCLUDE,6580,2010,2016,人工複核為同名不同公司 首詞相同但非同一法人
KEP,30497,KOREA ELECTRIC POWER CO,KOREA ENERGY RESEARCH INST,EXCLUDE,318,2010,2017,人工複核為同名不同公司 首詞相同但非同一法人
KEP,30497,KOREA ELECTRIC POWER CO,KOREA HYDRO & NUCLEAR POWER CO,EXCLUDE,234,2010,2025,人工複核為同名不同公司 首詞相同但非同一法人
KEP,30497,KOREA ELECTRIC POWER CO,KOREA IND TECH INST,EXCLUDE,233,2010,2017,人工複核為同名不同公司 首詞相同但非同一法人
KEP,30497,KOREA ELECTRIC POWER CO,KOREA INST ENERGY RES,EXCLUDE,164,2015,2025,人工複核為同名不同公司 首詞相同但非同一法人
KEP,30497,KOREA ELECTRIC POWER CO,KOREA INST GEOSCIENCE & MINERA,EXCLUDE,161,2010,2015,人工複核為同名不同公司 首詞相同但非同一法人
KEP,30497,KOREA ELECTRIC POWER CO,KOREA INST IND TECH,EXCLUDE,127,2014,2025,人工複核為同名不同公司 首詞相同但非同一法人
KEP,30497,KOREA ELECTRIC POWER CO,KOREA INST MACH & MATERIALS,EXCLUDE,152,2015,2024,人工複核為同名不同公司 首詞相同但非同一法人
KEP,30497,KOREA ELECTRIC POWER CO,KOREA INST OCEAN SCI & TECH,EXCLUDE,136,2012,2025,人工複核為同名不同公司 首詞相同但非同一法人
KEP,30497,KOREA ELECTRIC POWER CO,KOREA INST SCI & TECH,EXCLUDE,1960,2010,2025,人工複核為同名不同公司 首詞相同但非同一法人
KEP,30497,KOREA ELECTRIC POWER CO,KOREA MACH & MATERIALS INST,EXCLUDE,206,2010,2017,人工複核為同名不同公司 首詞相同但非同一法人
KEP,30497,KOREA ELECTRIC POWER CO,KOREA RES INST BIOSCIENCE & BIOTECHNOLOGY,EXCLUDE,162,2013,2025,人工複核為同名不同公司 首詞相同但非同一法人
KEP,30497,KOREA ELECTRIC POWER CO,KOREA RES INST CHEMICAL TECH,EXCLUDE,373,2014,2025,人工複核為同名不同公司 首詞相同但非同一法人
KEP,30497,KOREA ELECTRIC POWER CO,KOREA RES INST OF BIOSCIENCE,EXCLUDE,134,2010,2016,人工複核為同名不同公司 首詞相同但非同一法人
KEP,30497,KOREA ELECTRIC POWER CO,KOREA RES INST STANDARDS & SCI,EXCLUDE,181,2013,2025,人工複核為同名不同公司 首詞相同但非同一法人
MSI,21230,MOTOROLA SOLUTIONS INC,MOTOROLA MOBILITY INC,EXCLUDE,414,2010,2014,Motorola Mobility 於 2011 分拆 不歸 Motorola Solutions
MSI,21230,MOTOROLA SOLUTIONS INC,MOTOROLA MOBILITY LLC,EXCLUDE,2400,2010,2025,Motorola Mobility 於 2011 分拆 2012 售予 Google 2014 售予 Lenovo 不歸 Motorola Solutions
NEE,20684,NEXTERA ENERGY INC,F SECURE CORP,EXCLUDE,132,2010,2023,人工複核為同名不同公司 首詞相同但非同一法人
NGG,36350,NATIONAL GRID PLC,NAT APPLIED RES LABORATORIES,EXCLUDE,261,2010,2025,人工複核為同名不同公司 首詞相同但非同一法人
NGG,36350,NATIONAL GRID PLC,NAT CANCER CT,EXCLUDE,382,2010,2025,人工複核為同名不同公司 首詞相同但非同一法人
NGG,36350,NATIONAL GRID PLC,NAT CHUNG SHAN INST SCIENCE & TECH,EXCLUDE,178,2016,2025,人工複核為同名不同公司 首詞相同但非同一法人
NGG,36350,NATIONAL GRID PLC,NAT INST ADVANCED IND SCIENCE & TECH,EXCLUDE,152,2014,2017,人工複核為同名不同公司 首詞相同但非同一法人
NGG,36350,NATIONAL GRID PLC,NAT INST FOR MATERIALS SCIENCE,EXCLUDE,185,2010,2017,人工複核為同名不同公司 首詞相同但非同一法人
NGG,36350,NATIONAL GRID PLC,NAT INST INF & COMM TECH,EXCLUDE,258,2010,2025,人工複核為同名不同公司 首詞相同但非同一法人
NGG,36350,NATIONAL GRID PLC,NAT INST MATERIALS SCIENCE,EXCLUDE,260,2015,2025,人工複核為同名不同公司 首詞相同但非同一法人
NGG,36350,NATIONAL GRID PLC,NAT INST OF ADVANCED IND SCIEN,EXCLUDE,458,2010,2016,人工複核為同名不同公司 首詞相同但非同一法人
NGG,36350,NATIONAL GRID PLC,NAT INSTR CORP,EXCLUDE,181,2012,2017,人工複核為同名不同公司 首詞相同但非同一法人
NGG,36350,NATIONAL GRID PLC,NAT INSTRUMENTS CORP,EXCLUDE,117,2011,2025,人工複核為同名不同公司 首詞相同但非同一法人
NGG,36350,NATIONAL GRID PLC,NAT JEWISH HEALTH,EXCLUDE,139,2010,2025,人工複核為同名不同公司 首詞相同但非同一法人
NGG,36350,NATIONAL GRID PLC,NAT OILWELL VARCO LP,EXCLUDE,541,2010,2025,人工複核為同名不同公司 首詞相同但非同一法人
NGG,36350,NATIONAL GRID PLC,NAT RES COUNCIL CANADA,EXCLUDE,459,2011,2025,人工複核為同名不同公司 首詞相同但非同一法人
NGG,36350,NATIONAL GRID PLC,NAT SEMICONDUCTOR CORP,EXCLUDE,165,2010,2017,人工複核為同名不同公司 首詞相同但非同一法人
NGG,36350,NATIONAL GRID PLC,NAT TECH & ENG SOLUTIONS SANDIA LLC,EXCLUDE,425,2016,2025,人工複核為同名不同公司 首詞相同但非同一法人
NGG,36350,NATIONAL GRID PLC,NAT UNIV CHUNG CHENG,EXCLUDE,107,2010,2016,人工複核為同名不同公司 首詞相同但非同一法人
NGG,36350,NATIONAL GRID PLC,NAT UNIV CORP YOKOHAMA NAT UNIV,EXCLUDE,100,2014,2025,人工複核為同名不同公司 首詞相同但非同一法人
NGG,36350,NATIONAL GRID PLC,NAT UNIV GYEONGSANG IACF,EXCLUDE,119,2010,2025,人工複核為同名不同公司 首詞相同但非同一法人
NGG,36350,NATIONAL GRID PLC,NAT UNIV IRELAND GALWAY,EXCLUDE,120,2014,2025,人工複核為同名不同公司 首詞相同但非同一法人
NGG,36350,NATIONAL GRID PLC,NAT UNIV PUKYONG IND UNIV COOP FOUND,EXCLUDE,142,2015,2025,人工複核為同名不同公司 首詞相同但非同一法人
NGG,36350,NATIONAL GRID PLC,NAT UNIV PUSAN IND UNIV COOP FOUND,EXCLUDE,192,2016,2025,人工複核為同名不同公司 首詞相同但非同一法人
NGG,36350,NATIONAL GRID PLC,NAT UNIV SINGAPORE,EXCLUDE,832,2014,2025,人工複核為同名不同公司 首詞相同但非同一法人
NGG,36350,NATIONAL GRID PLC,NAT UNIV TSING HUA,EXCLUDE,759,2010,2017,人工複核為同名不同公司 首詞相同但非同一法人
NGG,36350,NATIONAL GRID PLC,NATIONAL HEALTH RES INST,EXCLUDE,109,2015,2025,人工複核為同名不同公司 首詞相同但非同一法人
NGG,36350,NATIONAL GRID PLC,NATIONAL SUN YAT SEN UNIVERSITY,EXCLUDE,130,2016,2025,人工複核為同名不同公司 首詞相同但非同一法人
NGG,36350,NATIONAL GRID PLC,NATIONAL UNIV CORPORATION TOKAI NATIONAL HIGHER EDUCATION AND RESEARCH SYSTEM,EXCLUDE,284,2018,2025,人工複核為同名不同公司 首詞相同但非同一法人
NGG,36350,NATIONAL GRID PLC,NATIONAL YANG MING CHIAO TUNG UNIV,EXCLUDE,318,2019,2025,人工複核為同名不同公司 首詞相同但非同一法人
ON,37176,ON SEMICONDUCTOR CORP,ON BRIGHT ELECTRONICS SHANGHAI CO LTD,EXCLUDE,353,2010,2024,人工複核為同名不同公司 首詞相同但非同一法人
PANW,54139,PALO ALTO NETWORKS INC,PALO ALTO RES CT INC,EXCLUDE,1823,2010,2024,PARC 為 Xerox 旗下研究機構 與 Palo Alto Networks 無關
RDS,47003,ROYAL DUTCH SHELL PLC,ROYAL BANK OF CANADA,EXCLUDE,443,2010,2025,人工複核為同名不同公司 首詞相同但非同一法人
RDS,47003,ROYAL DUTCH SHELL PLC,THE ROYAL INSTITUTION FOR THE ADVANCEMENT OF LEARNING/MCGILL UNIV,EXCLUDE,189,2016,2025,人工複核為同名不同公司 首詞相同但非同一法人
SNAP,55867,SNAP INC,SNAP ON INCORPORATED,EXCLUDE,222,2015,2025,人工複核為同名不同公司 首詞相同但非同一法人
SNAP,55867,SNAP INC,SNAP ON TOOLS CORP,EXCLUDE,355,2010,2022,人工複核為同名不同公司 首詞相同但非同一法人
SNE,21633,SONY CORP,SONY ERICSSON MOBILE COMM AB,EXCLUDE,312,2010,2014,與 Ericsson 各半合資 雙方皆可主張 不計入
SNE,21633,SONY CORP,SONY OLYMPUS MEDICAL SOLUTIONS INC,EXCLUDE,316,2014,2025,與 Olympus 合資 不計入
SWK,21664,STANLEY BLACK & DECKER INC,STANLEY ELECTRIC CO LTD,EXCLUDE,894,2010,2025,人工複核為同名不同公司 首詞相同但非同一法人
SYMC,10224,SYMANTEC CORP,GEN CABLE TECHNOLOGIES CORP,EXCLUDE,113,2010,2023,人工複核為同名不同公司 首詞相同但非同一法人
SYMC,10224,SYMANTEC CORP,GEN ELECTRIC,EXCLUDE,23212,2010,2025,人工複核為同名不同公司 首詞相同但非同一法人
SYMC,10224,SYMANTEC CORP,GEN HOSPITAL CORP,EXCLUDE,772,2010,2016,人工複核為同名不同公司 首詞相同但非同一法人
SYMC,10224,SYMANTEC CORP,GEN INSTRUMENT CORP,EXCLUDE,518,2010,2014,人工複核為同名不同公司 首詞相同但非同一法人
SYMC,10224,SYMANTEC CORP,GEN MILLS INC,EXCLUDE,344,2010,2025,人工複核為同名不同公司 首詞相同但非同一法人
SYMC,10224,SYMANTEC CORP,GEN MOTORS LLC,EXCLUDE,401,2010,2021,人工複核為同名不同公司 首詞相同但非同一法人
SYMC,10224,SYMANTEC CORP,GEN PROBE INC,EXCLUDE,570,2010,2025,人工複核為同名不同公司 首詞相同但非同一法人
SYMC,10224,SYMANTEC CORP,GENERAL ELECTRIC RENOVABLES ESPANA SL,EXCLUDE,206,2018,2024,人工複核為同名不同公司 首詞相同但非同一法人
SYMC,10224,SYMANTEC CORP,GENERAL ELECTRIC TECHNOLOGY GMBH,EXCLUDE,548,2013,2024,人工複核為同名不同公司 首詞相同但非同一法人
SYMC,10224,SYMANTEC CORP,GENERAL INTERFACE SOLUTION LTD,EXCLUDE,199,2015,2024,人工複核為同名不同公司 首詞相同但非同一法人
TM,4521,TOYOTA MOTOR CORP,TOYOTA AUTO BODY CO LTD,EXCLUDE,115,2010,2022,豐田車體為另行上市公司 併入會重複計算
TM,4521,TOYOTA MOTOR CORP,TOYOTA BOSHOKU KK,EXCLUDE,1348,2010,2025,豐田紡織為另行上市公司 併入會重複計算
TM,4521,TOYOTA MOTOR CORP,TOYOTA CHUO KENKYUSHO KK,EXCLUDE,384,2010,2025,豐田中央研究所為豐田集團 13 社共同出資的獨立法人 非全資
TM,4521,TOYOTA MOTOR CORP,TOYOTA JIDOSHOKKI KK,EXCLUDE,1810,2010,2025,豐田自動織機為另行上市公司 併入會重複計算
TM,4521,TOYOTA MOTOR CORP,TOYOTA TEKKO KK,EXCLUDE,148,2010,2025,豐田鐵工為另行上市公司 併入會重複計算
TMO,4557,THERMO FISHER SCIENTIFIC INC,THERMO KING CORP,EXCLUDE,299,2010,2022,Thermo King 屬 Ingersoll Rand 非 Thermo Fisher
TRI,28754,THOMSON REUTERS CORP,THOMSON LICENSING,EXCLUDE,2189,2010,2023,Thomson Licensing 屬 Technicolor(TCH) 非 Thomson Reuters
TTEK,4589,TETRA TECH INC,TETRA LAVAL HOLDINGS & FINANCE,EXCLUDE,820,2010,2025,人工複核為同名不同公司 首詞相同但非同一法人
TTNP,14293,TITAN PHARMACEUTICALS INC DEL,TITAN MED INC,EXCLUDE,147,2012,2024,人工複核為同名不同公司 首詞相同但非同一法人
TXN,21737,TEXAS INSTRUMENTS INC,TEXAS A & M UNIV SYS,EXCLUDE,1122,2010,2025,人工複核為同名不同公司 首詞相同但非同一法人
UBX,56381,UNITY BIOTECHNOLOGY INC,UNITY SEMICONDUCTOR CORP,EXCLUDE,177,2010,2022,人工複核為同名不同公司 首詞相同但非同一法人
UMC,39148,UNITED MICROELECTRONICS CORP,UNITED PARCEL SERVICE INC,EXCLUDE,279,2010,2024,人工複核為同名不同公司 首詞相同但非同一法人
UMC,39148,UNITED MICROELECTRONICS CORP,UNITED STATES GYPSUM CO,EXCLUDE,357,2010,2025,人工複核為同名不同公司 首詞相同但非同一法人
UMC,39148,UNITED MICROELECTRONICS CORP,UNITED STATES POSTAL SERVICE,EXCLUDE,478,2016,2025,人工複核為同名不同公司 首詞相同但非同一法人
UMC,39148,UNITED MICROELECTRONICS CORP,UNITED TECHNOLOGIES CORP,EXCLUDE,7188,2010,2024,人工複核為同名不同公司 首詞相同但非同一法人
UMC,39148,UNITED MICROELECTRONICS CORP,UNITED THERAPEUTICS CORP,EXCLUDE,180,2010,2025,人工複核為同名不同公司 首詞相同但非同一法人
UMC,39148,UNITED MICROELECTRONICS CORP,UNITED VIDEO PROPERTIES INC,EXCLUDE,449,2010,2014,人工複核為同名不同公司 首詞相同但非同一法人
UMC,39148,UNITED MICROELECTRONICS CORP,United parcel service america inc,EXCLUDE,434,2015,2025,人工複核為同名不同公司 首詞相同但非同一法人
UPS,36383,UNITED PARCEL SERVICE INC,UNITED MICROELECTRONICS CORP,EXCLUDE,3944,2010,2025,人工複核為同名不同公司 首詞相同但非同一法人
UPS,36383,UNITED PARCEL SERVICE INC,UNITED STATES GYPSUM CO,EXCLUDE,357,2010,2025,人工複核為同名不同公司 首詞相同但非同一法人
UPS,36383,UNITED PARCEL SERVICE INC,UNITED STATES POSTAL SERVICE,EXCLUDE,478,2016,2025,人工複核為同名不同公司 首詞相同但非同一法人
UPS,36383,UNITED PARCEL SERVICE INC,UNITED TECHNOLOGIES CORP,EXCLUDE,7188,2010,2024,人工複核為同名不同公司 首詞相同但非同一法人
UPS,36383,UNITED PARCEL SERVICE INC,UNITED THERAPEUTICS CORP,EXCLUDE,180,2010,2025,人工複核為同名不同公司 首詞相同但非同一法人
UPS,36383,UNITED PARCEL SERVICE INC,UNITED VIDEO PROPERTIES INC,EXCLUDE,449,2010,2014,人工複核為同名不同公司 首詞相同但非同一法人
UTX,21832,UNITED TECHNOLOGIES CORP,RAYTHEON BBN TECHNOLOGIES CORP,EXCLUDE,293,2010,2024,屬合併前的舊 Raytheon Company(RTN) 不歸 UTX
UTX,21832,UNITED TECHNOLOGIES CORP,RAYTHEON CO,EXCLUDE,4048,2010,2025,舊 Raytheon Company(RTN) 為獨立上市公司 不在本名冊 UTX 合併後實體為 RAYTHEON TECH CORP
UTX,21832,UNITED TECHNOLOGIES CORP,UNITED MICROELECTRONICS CORP,EXCLUDE,3944,2010,2025,人工複核為同名不同公司 首詞相同但非同一法人
UTX,21832,UNITED TECHNOLOGIES CORP,UNITED PARCEL SERVICE INC,EXCLUDE,279,2010,2024,人工複核為同名不同公司 首詞相同但非同一法人
UTX,21832,UNITED TECHNOLOGIES CORP,UNITED STATES GYPSUM CO,EXCLUDE,357,2010,2025,人工複核為同名不同公司 首詞相同但非同一法人
UTX,21832,UNITED TECHNOLOGIES CORP,UNITED STATES POSTAL SERVICE,EXCLUDE,478,2016,2025,人工複核為同名不同公司 首詞相同但非同一法人
UTX,21832,UNITED TECHNOLOGIES CORP,UNITED THERAPEUTICS CORP,EXCLUDE,180,2010,2025,人工複核為同名不同公司 首詞相同但非同一法人
UTX,21832,UNITED TECHNOLOGIES CORP,UNITED VIDEO PROPERTIES INC,EXCLUDE,449,2010,2014,人工複核為同名不同公司 首詞相同但非同一法人
UTX,21832,UNITED TECHNOLOGIES CORP,United parcel service america inc,EXCLUDE,434,2015,2025,人工複核為同名不同公司 首詞相同但非同一法人
WDC,4879,WESTERN DIGITAL CORP,WESTERN UNION CO,EXCLUDE,202,2010,2025,人工複核為同名不同公司 首詞相同但非同一法人
NGG,36350,NATIONAL GRID PLC,,VERIFIED_ZERO,0,,,英國電網 字典中 NATIONAL GRID 開頭者均為他方
MELI,52670,MERCADOLIBRE INC,,VERIFIED_ZERO,0,,,拉美電商 無 US pre-grant 專利
MUR,21236,MURPHY OIL CORP,,VERIFIED_ZERO,0,,,字典中 MURPHY 開頭者均為同姓個人或他公司
STN,47197,STANTEC INC,,VERIFIED_ZERO,0,,,加拿大工程顧問 無專利
SIFY,17206,SIFY TECHNOLOGIES LTD,,VERIFIED_ZERO,0,,,印度 IT 服務商 無專利
HSKA,15560,HESKA CORP,,VERIFIED_ZERO,0,,,獸醫診斷 無 US pre-grant 專利
VSR,21863,VERSAR INC,,VERIFIED_ZERO,0,,,環境工程顧問 無專利
HRBN,51655,HARBIN ELECTRIC INC,,VERIFIED_ZERO,0,,,中概股 2011 私有化下市 無專利
CLVT,56766,CLARIVATE PLC,,VERIFIED_ZERO,0,,,資訊服務商 本體無專利
BRY,56450,BERRY CORP,,VERIFIED_ZERO,0,,,原油開採商 字典中 BERRY 開頭者均為塑膠/冶金/基因或個人 無油氣業者
