parent_company,ticker,assignee_name
Apple,AAPL,APPLE
Apple,AAPL,APPLE COMPUTER
Apple,AAPL,APPLE COMPUTER INC A CALIFORNIA CORP
Apple,AAPL,APPLE IC
Apple,AAPL,APPLE INC
Apple,AAPL,APPLE INC 090911
Apple,AAPL,APPLE INC A CALIFORNIA CORP
Apple,AAPL,APPLE INC A DELAWARE CORP
Apple,AAPL,APPLE INE
Apple,AAPL,APPLE INLC
Apple,AAPL,APPLE LNC
Apple,AAPL,Apple Incl
Amazon,AMZN,AMAZON COM INC
Amazon,AMZN,AMAZON COM SERVICES LLC
Amazon,AMZN,AMAZON TECH INC
Amazon,AMZN,AMAZON TECH LNC
Amazon,AMZN,AMAZON TECHNOLOGEIS INC
Amazon,AMZN,AMAZON TECHOLOGIES INC
Alphabet,GOOGL,ALPHABET INC
Alphabet,GOOGL,C O GOOGLE INC
Alphabet,GOOGL,GOOGLE
Alphabet,GOOGL,GOOGLE ELLC
Alphabet,GOOGL,GOOGLE INC
Alphabet,GOOGL,GOOGLE INC A CA CORP
Alphabet,GOOGL,GOOGLE INC A CALIFORNIA CORP
Alphabet,GOOGL,GOOGLE INC A DELAWARE CORP
Alphabet,GOOGL,GOOGLE INC A DELWARE CORP
Alphabet,GOOGL,GOOGLE INCORPORATED
Alphabet,GOOGL,GOOGLE LLC
Alphabet,GOOGL,GOOGLE LLE
Alphabet,GOOGL,Google LLC 1600
Alphabet,GOOGL,c/o Google LLC
Meta,META,C O FACEBOOK INC
Meta,META,FACEBOOK INC
Meta,META,FACEBOOK INC A DELAWARE CORP
Meta,META,FACEBOOK LNC
Meta,META,FACEBOOK REALITY LABS
Meta,META,FACEBOOK TECH INC
Meta,META,FACEBOOK TECH LLC
Meta,META,FACEBOOK TECHNOLGIES LLC
Meta,META,FACEBOOK TECHNOLOGIES LLC
Meta,META,Facebook
Meta,META,META PLATFORMS INC
Meta,META,META PLATFORMS TECH LLC
Meta,META,Meta Platforms Technolgies LLC
Microsoft,MSFT,C O MICROSOFT CORP
Microsoft,MSFT,C O MICROSOFT TECHNOLOGY LICENSING LLC
Microsoft,MSFT,C/O MICROSOFT TECH LICENSING LLC
Microsoft,MSFT,CORP MICROSOFT
Microsoft,MSFT,MICROSOFT COPORATION
Microsoft,MSFT,MICROSOFT COPRORATION
Microsoft,MSFT,MICROSOFT COROPORATION
Microsoft,MSFT,MICROSOFT CORP
Microsoft,MSFT,MICROSOFT CORP INC
Microsoft,MSFT,MICROSOFT CORP MICROSOFT PATENT GROUP
Microsoft,MSFT,MICROSOFT CORP ONE MICROSOFT WAY
Microsoft,MSFT,MICROSOFT CORPOARTION
Microsoft,MSFT,MICROSOFT CORPOATION
Microsoft,MSFT,MICROSOFT CORPORAION
Microsoft,MSFT,MICROSOFT CORPORAT
Microsoft,MSFT,MICROSOFT CORPORATIN
Microsoft,MSFT,MICROSOFT CORPORATION MICROSOFT TECH LICENSING LLC
Microsoft,MSFT,MICROSOFT CORPORATON
Microsoft,MSFT,MICROSOFT CORPORORATION
Microsoft,MSFT,MICROSOFT CORPORTAION
Microsoft,MSFT,MICROSOFT CORPORTATION
Microsoft,MSFT,MICROSOFT CORPORTION
Microsoft,MSFT,MICROSOFT CORPOTATION
Microsoft,MSFT,MICROSOFT CORPRATION
Microsoft,MSFT,MICROSOFT CORPROATION
Microsoft,MSFT,MICROSOFT HOLDINGS INTERNAT B V
Microsoft,MSFT,MICROSOFT INT HOLDINGS BV
Microsoft,MSFT,MICROSOFT ISRAEL RES AND DEV (2002) LTD
Microsoft,MSFT,MICROSOFT LICENSING TECH LLC
Microsoft,MSFT,MICROSOFT LICENSING TECHNOLOGY LLC
Microsoft,MSFT,MICROSOFT MICROSOFT TECH LICENSING LLC
Microsoft,MSFT,MICROSOFT MICROSOFT TECHNOLOGY LICENSING LLC
Microsoft,MSFT,MICROSOFT ORGANIZATION
Microsoft,MSFT,MICROSOFT S P A
Microsoft,MSFT,MICROSOFT T ECHNOTOGY LICENSING LLC
Microsoft,MSFT,MICROSOFT TACHNOLOGY LICENSING LLC
Microsoft,MSFT,MICROSOFT TECH CORP
Microsoft,MSFT,MICROSOFT TECH LCENSING LLC
Microsoft,MSFT,MICROSOFT TECH LICEEEENSING LLC
Microsoft,MSFT,MICROSOFT TECH LICEMSING LLC
Microsoft,MSFT,MICROSOFT TECH LICENCING LLC
Microsoft,MSFT,MICROSOFT TECH LICENSEING LLC
Microsoft,MSFT,MICROSOFT TECH LICENSENG LLC
Microsoft,MSFT,MICROSOFT TECH LICENSING
Microsoft,MSFT,MICROSOFT TECH LICENSING INC
Microsoft,MSFT,MICROSOFT TECH LICENSING LL
Microsoft,MSFT,MICROSOFT TECH LICENSING LLC
Microsoft,MSFT,MICROSOFT TECH LICENSING LLC REDMOND WA
Microsoft,MSFT,MICROSOFT TECH LICENSING LLLC
Microsoft,MSFT,MICROSOFT TECH LICENSING LLP
Microsoft,MSFT,MICROSOFT TECH LICENSINT LLC
Microsoft,MSFT,MICROSOFT TECH LICESNING LLC
Microsoft,MSFT,MICROSOFT TECH LICESNSING LLC
Microsoft,MSFT,MICROSOFT TECH LICNESING LLC
Microsoft,MSFT,MICROSOFT TECH LIENSING LLC
Microsoft,MSFT,MICROSOFT TECH LINENSING LLC
Microsoft,MSFT,MICROSOFT TECH LTD LLC
Microsoft,MSFT,MICROSOFT TECHNLOGY LICENSING LLC
Microsoft,MSFT,MICROSOFT TECHNLOLOGY LICENSING LLC
Microsoft,MSFT,MICROSOFT TECHNOLGOY LICENSING LLC
Microsoft,MSFT,MICROSOFT TECHNOLGY LICENSING LLC
Microsoft,MSFT,MICROSOFT TECHNOLOGIES LICENSING LLC
Microsoft,MSFT,MICROSOFT TECHNOLOGY LICENSING
Microsoft,MSFT,MICROSOFT TECHNOLOGY LICENSING INC
Microsoft,MSFT,MICROSOFT TECHNOLOGY LICENSING LL
Microsoft,MSFT,MICROSOFT TECHNOLOGY LICENSING LLC
Microsoft,MSFT,MICROSOFT TECHNOLOGY LICENSING LLG
Microsoft,MSFT,MICROSOFT TECHNOLOGY LICENSING LLP
Microsoft,MSFT,MICROSOFT TECHNOLOGY LINCENSING LLC
Microsoft,MSFT,MICROSOFT TECHNOLOGY LISCENSING LLC
Microsoft,MSFT,MICROSOFT TECHNOLOGY LlCENSING LLC
Microsoft,MSFT,MICROSOFT TECHNOLOLGY LICENSING LLC
Microsoft,MSFT,MICROSOFT TECHNOLOY LICENSING LLC
Microsoft,MSFT,MICROSOFT TEHCNOLOGY LICENSING LLC
Microsoft,MSFT,Microsoft Coprporation
Microsoft,MSFT,Microsoft Coropration
Microsoft,MSFT,Microsoft Corporartion
Microsoft,MSFT,ONE MICROSOFT WAY
Microsoft,MSFT,TELL ME NETWORKS C O MICROSOFT CORP
Nvidia,NVDA,C/O NVIDIA CORP
Nvidia,NVDA,NVIDIA
Nvidia,NVDA,NVIDIA CORP
Nvidia,NVDA,NVIDIA CORPORARTION
Nvidia,NVDA,NVIDIA CORPORTION
Nvidia,NVDA,NVIDIA CORPRATION
Nvidia,NVDA,NVIDIA TECHNOLOGY UK LTD
Tesla,TSLA,TESLA INC
Tesla,TSLA,TESLA LNC
Tesla,TSLA,TESLA MOTOR INC
Tesla,TSLA,TESLA MOTORS INC
Tesla,TSLA,Tesla Motors Canada ULC
Broadcom,AVGO,AVAGO TECH ECBU IP SG PTE LTD
Broadcom,AVGO,AVAGO TECH FIBER IP SG PTE LTD
Broadcom,AVGO,AVAGO TECH GENERAL IP ( SINGAPORE) PTE LTD
Broadcom,AVGO,AVAGO TECH GENERAL IP (SINGAPORE) PET LTD
Broadcom,AVGO,AVAGO TECH GENERAL IP SINGAPORE PTD LTD
Broadcom,AVGO,AVAGO TECH GENERAL IP SINGAPROES PTE LTD
Broadcom,AVGO,AVAGO TECH GENERAL IP(SINGAPORE) PTE LTD
Broadcom,AVGO,AVAGO TECH GERNERAL IP (SINGAPORE) PTE LTD
Broadcom,AVGO,AVAGO TECH INERNATIONL SALES PTE LIMITED
Broadcom,AVGO,AVAGO TECH INT SALES PTE LID
Broadcom,AVGO,AVAGO TECH INTEMATIONAL SALES PTE LIMITED
Broadcom,AVGO,AVAGO TECH INTERNATIONA LSALES PTE LIMITED
Broadcom,AVGO,AVAGO TECH INTERNATIONA! SALES PTE LIMITED
Broadcom,AVGO,AVAGO TECH INTERNATIONAL
Broadcom,AVGO,AVAGO TECH INTERNATIONAL PTE LIMITED
Broadcom,AVGO,AVAGO TECH INTERNATIONAL SALES PTD LIMITED
Broadcom,AVGO,AVAGO TECH INTERNATIONAL SALES PTE LIMITE
Broadcom,AVGO,AVAGO TECH INTERNATIONAL SALES PTE LIMITE D
Broadcom,AVGO,AVAGO TECH INTERNATIONAL SALES PTE LIMITED
Broadcom,AVGO,AVAGO TECH INTERNATIONAL SALES PTE LIMTED
Broadcom,AVGO,AVAGO TECH INTERNATIONAL SALES PTE LTD
Broadcom,AVGO,AVAGO TECH LTD
Broadcom,AVGO,AVAGO TECHNLOGIES ECBU IP SINGAPORE PTE LTD
Broadcom,AVGO,AVAGO TECHNOLOGES GENERAL IP SINGAPORE PTE LTD
Broadcom,AVGO,AVAGO TECHNOLOGIES ECBU SINGAP
Broadcom,AVGO,AVAGO TECHNOLOGIES ECBU SINGAPORE PTE LTD
Broadcom,AVGO,AVAGO TECHNOLOGIES ENERPRISE IP SINGAPORE PTE LTD
Broadcom,AVGO,AVAGO TECHNOLOGIES ENTPR IP SINGAPORE PTE L
Broadcom,AVGO,AVAGO TECHNOLOGIES ENTPR IP SINGAPORE PTE LTD
Broadcom,AVGO,AVAGO TECHNOLOGIES FIBER IP PT
Broadcom,AVGO,AVAGO TECHNOLOGIES GENERAL IP
Broadcom,AVGO,AVAGO TECHNOLOGIES GENERAL LP SINGAPORE PTE LTD
Broadcom,AVGO,AVAGO TECHNOLOGIES GENERAL SINGAPORE PTE LTD
Broadcom,AVGO,AVAGO TECHNOLOGIES IMAGING IP
Broadcom,AVGO,AVAGO TECHNOLOGIES LTD
Broadcom,AVGO,AVAGO TECHNOLOGIES WIRELESS IP
Broadcom,AVGO,AVAGO TECHNOLOGIES WIRESESS IP SINGAPORE PTE LTD
Broadcom,AVGO,AVAGO TECNOLOGIES INTERNATIONAL SALES PTE LTD
Broadcom,AVGO,BROADCOM INC
Broadcom,AVGO,BROADCOM INT PTE LTD
Broadcom,AVGO,GEN IP SINGAPORE PTE LTD AVAGO TECHNOLOGIES
Broadcom,AVGO,LTD AVAGO TECHNOLOGIES GENERAL IP SINGAPORE PTE
Broadcom,AVGO,PTE LTD AVAGO TECHNOLOGIES GENERAL IP SINGAPORE
Broadcom,AVGO,SINGAPORE PTE LTD AVAGO TECHNOLOGIES GENERAL IP
Broadcom,AVGO,SINGAPORE PTE LTD AVAGO TECHNOLOGIES GENERAL LP
Broadcom,AVGO,TECHNOLOGIES GENERAL IP SINGAPORE PTE LTD AVAGO
