ticker,yr,papers
"",2017,2
"",2019,1
ORCL,2018,3
ORCL,2019,2
ORCL,2020,2
ORCL,2021,5
ORCL,2023,2
ORCL,2024,1
ORCL,2025,1
MSFT,2012,1
MSFT,2014,4
MSFT,2017,138
MSFT,2018,224
MSFT,2019,408
MSFT,2020,543
MSFT,2021,429
MSFT,2022,122
MSFT,2023,94
MSFT,2024,82
MSFT,2025,69
"",2024,1
BC,2025,1
UIS,2021,1
UIS,2025,1
"",2025,2
CDNS,2019,1
CDNS,2020,3
CDNS,2024,1
XRAY,2020,1
COHR,2025,1
ETN,2021,1
ETN,2025,1
CYBE,2021,1
GD,2021,1
GE,2017,1
GE,2018,2
GE,2019,14
GE,2020,9
GE,2021,5
GE,2022,3
GE,2023,3
GE,2024,3
GE,2025,4
GM,2017,1
GM,2019,3
GM,2020,4
GM,2022,1
GM,2023,2
GM,2024,2
GM,2025,2
ZG,2019,1
ZG,2020,2
ZG,2022,1
ZG,2024,2
XYL,2018,1
APTV,2019,1
APTV,2020,1
APTV,2021,3
APTV,2022,3
APTV,2023,1
APTV,2024,3
APTV,2025,4
CLVS,2020,1
SPLK,2017,1
SPLK,2021,2
FB,2017,54
FB,2018,118
FB,2019,211
FB,2020,322
FB,2021,269
FB,2022,13
META,2022,10
META,2023,15
META,2024,6
META,2025,4
NOW,2020,1
NOW,2021,1
NOW,2023,2
NOW,2024,2
TROX,2024,1
PANW,2021,1
PANW,2024,1
PANW,2025,2
WDAY,2018,1
ABBV,2020,1
TU,2021,2
TU,2024,1
TU,2025,2
AMGN,2021,1
AMGN,2022,1
MNK,2018,1
MNK,2020,3
FEYE,2020,1
FEYE,2021,1
SLB,2018,2
SLB,2019,1
SLB,2020,2
SLB,2021,3
SLB,2022,2
SLB,2023,1
SLB,2024,1
TWTR,2017,2
TWTR,2018,2
TWTR,2019,10
TWTR,2020,9
TWTR,2021,17
TWTR,2022,6
AAPL,2017,2
AAPL,2018,5
AAPL,2019,12
AAPL,2020,37
AAPL,2021,22
AAPL,2022,10
AAPL,2023,12
AAPL,2024,11
AAPL,2025,7
GPRO,2022,1
GPRO,2023,2
GPRO,2024,1
AMAT,2017,1
AMAT,2022,1
AMAT,2023,1
AMAT,2024,1
AMAT,2025,1
KEYS,2018,1
KEYS,2024,1
NVRO,2020,1
CHRS,2024,1
SYNH,2022,1
ONCE,2019,1
NVTA,2022,1
ETSY,2017,1
HTGM,2021,1
MCRB,2020,1
TXN,2014,1
TXN,2018,1
TXN,2020,1
TXN,2022,1
HPE,2021,1
HPE,2022,1
HPE,2023,5
HPE,2024,3
HPE,2025,4
SELB,2017,1
LN,2019,4
LN,2020,3
NTNX,2020,1
NTNX,2023,1
FTI,2021,1
SNAP,2017,6
SNAP,2018,4
SNAP,2019,5
SNAP,2020,6
SNAP,2021,4
SNAP,2022,4
SNAP,2023,3
SNAP,2024,4
SNAP,2025,2
ALTR,2019,1
ALTR,2020,1
ALTR,2021,1
ALTR,2024,1
GIS,2021,2
GIS,2024,1
IQ,2019,2
IQ,2020,1
LASR,2025,2
UBX,2022,1
UTX,2017,2
UTX,2019,3
RTX,2021,1
RTX,2022,1
BRY,2019,1
LIN,2022,1
LIN,2025,1
CCC,2019,1
PG,2020,1
PG,2021,1
PG,2023,2
PG,2024,1
ITMR,2021,1
LYFT,2022,1
ALC,2020,1
PINS,2020,1
CTVA,2024,1
PSNL,2023,1
BRC,2022,1
RLAY,2022,1
BA,2017,1
BA,2018,3
BA,2019,3
BA,2020,1
BA,2021,3
BA,2025,1
CCCC,2025,1
ABNB,2023,1
IONQ,2023,1
IONQ,2024,3
CACI,2019,2
CACI,2020,1
CACI,2025,1
RGTI,2023,1
CAJ,2017,1
CAJ,2018,2
CAJ,2019,4
CAJ,2020,3
CAJ,2021,2
CAJ,2022,1
CAJ,2023,2
LMT,2018,1
LMT,2019,6
LMT,2020,6
LMT,2021,6
LMT,2022,5
LMT,2023,4
LMT,2024,1
LMT,2025,1
NEM,2021,1
CAH,2023,2
IMRX,2022,1
PFE,2019,1
PFE,2024,1
PFE,2025,1
JNJ,2023,1
JNJ,2024,2
GFS,2024,1
GLW,2025,1
MSI,2024,1
XPER,2023,1
NEE,2021,1
NOC,2023,2
AS,2025,1
HTFL,2025,1
XRX,2017,5
XRX,2018,4
XRX,2019,1
XRX,2025,1
UL,2021,1
MUR,2025,1
HES,2022,1
HES,2023,1
HES,2024,4
ERIC,2018,2
ERIC,2019,4
ERIC,2020,9
ERIC,2021,16
ERIC,2022,8
ERIC,2023,8
ERIC,2024,6
ERIC,2025,4
OXY,2025,1
ROG,2022,1
ROG,2023,1
ROG,2024,1
CMI,2023,1
CMI,2024,1
MOGB,2023,1
SWK,2018,1
TILE,2019,1
TILE,2022,1
TILE,2024,1
IDCC,2018,1
IDCC,2019,1
IDCC,2020,4
IDCC,2021,2
IDCC,2022,3
IDCC,2025,2
SWKS,2025,1
CBT,2018,2
CBT,2019,4
CBT,2020,2
CBT,2022,1
JPM,2020,1
JPM,2021,1
JPM,2022,4
JPM,2023,7
JPM,2024,8
JPM,2025,4
TGT,2018,1
TGT,2019,3
TGT,2020,1
TGT,2021,1
TGT,2022,2
TGT,2024,1
TGT,2025,2
BK,2021,1
DHR,2023,1
SNE,2018,1
SNE,2019,5
SNE,2020,5
SNE,2021,3
SONY,2021,3
SONY,2022,8
SONY,2023,9
SONY,2024,2
SONY,2025,8
WMT,2017,2
WMT,2018,2
WMT,2019,6
WMT,2020,11
WMT,2021,6
WMT,2023,1
WMT,2024,3
WMT,2025,1
NKE,2022,1
AFL,2024,2
AXP,2017,1
AXP,2024,1
INTC,2010,1
INTC,2016,1
INTC,2017,15
INTC,2018,33
INTC,2019,104
INTC,2020,102
INTC,2021,57
INTC,2022,21
INTC,2023,39
INTC,2024,26
INTC,2025,15
MDT,2023,1
MDT,2025,1
AMD,2017,1
AMD,2019,1
AMD,2020,2
AMD,2021,2
AMD,2024,1
AMD,2025,4
TMO,2022,1
HD,2020,1
HD,2021,3
HD,2022,3
HD,2024,3
WDC,2018,1
WDC,2019,1
WDC,2021,1
WDC,2022,1
WDC,2023,1
MYL,2018,1
BCS,2025,1
BKR,2021,1
BKR,2024,1
GSK,2018,1
GSK,2019,1
GSK,2020,5
GSK,2021,7
GSK,2024,1
GSK,2025,1
PII,2021,1
PII,2023,1
BBVA,2018,1
ADBE,2016,1
ADBE,2017,36
ADBE,2018,43
ADBE,2019,63
ADBE,2020,115
ADBE,2021,65
ADBE,2022,13
ADBE,2023,18
ADBE,2024,28
ADBE,2025,33
CRUS,2021,1
SYMC,2017,2
SYMC,2018,2
SYMC,2019,2
NLOK,2019,1
NLOK,2021,1
EA,2017,1
EA,2019,1
EA,2020,1
EA,2022,3
EA,2025,2
LSCC,2021,1
LSCC,2022,1
LSCC,2024,1
CSCO,2017,1
CSCO,2018,3
CSCO,2019,4
CSCO,2020,8
CSCO,2021,7
CSCO,2022,4
CSCO,2023,1
CSCO,2024,2
CSCO,2025,2
HOLX,2019,1
HOLX,2022,1
HOLX,2025,3
XLNX,2017,1
XLNX,2018,2
XLNX,2019,3
XLNX,2020,4
XLNX,2021,3
RIO,2017,1
RIO,2021,2
RIO,2023,1
TRMB,2018,1
EXPO,2025,1
TM,2017,2
TM,2018,4
TM,2019,7
TM,2020,10
TM,2021,10
TM,2022,1
TM,2023,7
TM,2024,3
TM,2025,5
ZBRA,2017,1
ZBRA,2019,1
BIIB,2023,1
AMSC,2023,1
QCOM,2017,4
QCOM,2018,7
QCOM,2019,16
QCOM,2020,19
QCOM,2021,21
QCOM,2022,5
QCOM,2023,4
QCOM,2024,5
QCOM,2025,1
TTEK,2021,1
GILD,2024,1
SNPS,2019,1
SNPS,2020,1
SNPS,2021,1
SNPS,2022,1
SNPS,2024,2
SNPS,2025,1
BSX,2024,1
BSX,2025,1
TSN,2025,2
IAC,2020,1
IAC,2024,1
INTU,2017,2
INTU,2018,1
INTU,2020,2
INTU,2021,1
INTU,2023,1
INTU,2024,2
INTU,2025,1
ALL,2018,1
ALL,2024,1
AZN,2017,1
AZN,2019,5
AZN,2020,1
AZN,2021,9
AZN,2022,8
AZN,2023,3
AZN,2024,4
AZN,2025,7
INCY,2017,2
INCY,2018,1
INCY,2019,1
INCY,2023,1
EMN,2020,1
EMN,2021,1
FLEX,2018,1
SSYS,2024,2
SSYS,2025,2
KEP,2024,1
KEP,2025,1
RELX,2018,2
RELX,2019,1
RELX,2021,4
RELX,2022,1
RELX,2023,3
HLIT,2024,1
RMD,2020,1
MYGN,2023,4
MYGN,2024,1
MYGN,2025,2
NTAP,2020,1
NTAP,2021,1
NTAP,2023,1
NTAP,2024,1
NUAN,2018,1
NUAN,2019,1
NUAN,2020,1
NUAN,2021,2
OTEX,2019,4
OTEX,2020,3
TTNP,2018,1
IRIX,2020,2
YHOO,2017,3
ANSS,2019,2
ANSS,2020,3
ANSS,2021,3
ANSS,2023,4
ANSS,2024,3
AWRE,2021,2
AWRE,2022,2
AWRE,2023,1
ESLT,2018,1
WWD,2018,1
CIEN,2021,1
CIEN,2022,1
CIEN,2023,2
CIEN,2025,4
ALV,2017,1
ALV,2024,1
AMZN,2016,2
AMZN,2017,31
AMZN,2018,53
AMZN,2019,151
AMZN,2020,220
AMZN,2021,182
AMZN,2022,49
AMZN,2023,34
AMZN,2024,33
AMZN,2025,30
CHL,2018,1
CHL,2020,2
ORAN,2017,4
ORAN,2018,7
ORAN,2019,13
ORAN,2020,12
ORAN,2021,9
ORAN,2022,12
ORAN,2023,14
ORAN,2024,9
RNWK,2018,1
RNWK,2019,2
RNWK,2020,3
RNWK,2022,1
ADSK,2017,1
ADSK,2018,1
ADSK,2019,2
ADSK,2020,6
ADSK,2021,5
ADSK,2022,3
ADSK,2023,1
ADSK,2024,7
ADSK,2025,4
INGR,2025,1
CLS,2023,1
EBAY,2017,2
EBAY,2018,5
EBAY,2019,8
EBAY,2020,5
EBAY,2021,9
EBAY,2023,1
EBAY,2024,2
EBAY,2025,6
NVDA,2017,13
NVDA,2018,33
NVDA,2019,59
NVDA,2020,99
NVDA,2021,80
NVDA,2022,24
NVDA,2023,26
NVDA,2024,31
NVDA,2025,26
BB,2021,1
INFY,2018,2
INFY,2020,4
INFY,2025,1
JNPR,2023,1
QMCO,2023,1
QMCO,2024,1
QMCO,2025,2
NOK,2017,8
NOK,2018,11
NOK,2019,9
NOK,2020,11
NOK,2021,12
NOK,2022,6
NOK,2023,7
NOK,2024,3
NOK,2025,9
IIJI,2018,1
BLK,2019,1
BLK,2022,1
NGG,2019,2
SIFY,2025,1
A,2020,1
TDY,2019,1
TDY,2023,1
TDY,2024,1
TCH,2010,1
UPS,2023,1
EXEL,2018,1
LXRX,2019,1
ON,2017,1
ON,2019,1
ON,2024,1
ISRG,2020,3
ISRG,2021,1
ISRG,2022,1
ISRG,2023,1
ISRG,2024,3
ISRG,2025,1
NTES,2019,9
NTES,2020,13
NTES,2021,11
NTES,2022,4
NTES,2023,7
NTES,2024,1
NTES,2025,1
ILMN,2018,1
ILMN,2021,1
ILMN,2022,1
ILMN,2024,1
ILMN,2025,1
PSO,2022,1
PSO,2025,1
UMC,2020,1
UMC,2022,1
UMC,2025,1
WIT,2019,1
WIT,2021,2
WIT,2022,1
WIT,2024,2
ALGN,2025,2
EXAS,2020,1
EXAS,2024,1
MDLZ,2017,1
ANTM,2021,1
ELV,2025,1
NFLX,2017,1
NFLX,2018,3
NFLX,2019,4
NFLX,2020,6
NFLX,2021,5
NFLX,2022,3
NFLX,2023,2
NFLX,2024,4
NFLX,2025,5
TRI,2017,1
TRI,2020,2
TRI,2023,3
SNY,2019,1
SNY,2020,2
SNY,2021,2
SNY,2022,2
SNY,2024,1
NUVA,2018,3
NUVA,2020,1
NUVA,2021,1
CRM,2017,1
CRM,2018,4
CRM,2019,22
CRM,2020,59
CRM,2021,25
CRM,2022,8
CRM,2023,5
CRM,2025,1
GOOGL,2016,2
GOOGL,2017,161
GOOGL,2018,322
GOOGL,2019,730
GOOGL,2020,896
GOOGL,2021,654
GOOGL,2022,101
GOOGL,2023,101
GOOGL,2024,99
GOOGL,2025,73
NDAQ,2025,1
RDS,2020,1
SHEL,2025,2
STN,2025,1
BIDU,2016,1
BIDU,2017,10
BIDU,2018,26
BIDU,2019,78
BIDU,2020,84
BIDU,2021,75
BIDU,2022,32
BIDU,2023,10
BIDU,2024,16
BIDU,2025,7
MA,2025,1
EBS,2019,1
DAL,2021,1
DAL,2022,1
INFN,2022,1
BX,2022,1
BX,2023,1
BX,2024,1
DFS,2022,1
DFS,2024,2
MELI,2024,1
VMW,2021,1
G,2017,2
G,2019,1
DAN,2023,1
V,2019,1
V,2020,5
V,2021,2
V,2022,1
V,2023,7
VRSK,2018,1
VRSK,2019,1
VRSK,2020,1
LEA,2019,1
FTNT,2020,1
CDXS,2025,1
TSLA,2017,1
