year_month,q,tech_r,nontech_r,spread
2017-02,1,0.0475698095615827,0.0132279685236171,0.0343418410379656
2017-02,2,0.00370035939669948,0.013675278352142,-0.00997491895544252
2017-02,3,0.0309627983456267,0.013311794928921,0.0176510034167057
2017-02,4,0.0138832273210563,0.0178059672354899,-0.00392273991443365
2017-02,5,0.0435530812723412,0.0318802850190387,0.0116727962533025
2017-03,1,0.00770688910766466,-0.00128697751545504,0.0089938666231197
2017-03,2,0.0372877611576796,0.0136400783168243,0.0236476828408553
2017-03,3,0.0329008938668164,0.00955657079321858,0.0233443230735978
2017-03,4,0.0235201143763848,0.00272799395503783,0.020792120421347
2017-03,5,0.0198269270776678,-0.00192825469543391,0.0217551817731017
2017-04,1,-0.055384751168331,-0.0127823684800668,-0.0426023826882642
2017-04,2,0.0211419268610589,-0.00143038256441765,0.0225723094254765
2017-04,3,0.00948829338361598,0.0105717276792763,-0.00108343429566031
2017-04,4,0.0070237384999327,0.0106686291852967,-0.00364489068536401
2017-04,5,0.0210960147082865,0.00736121985678352,0.013734794851503
2017-05,1,0.0378570678749469,-0.0271060935802559,0.0649631614552027
2017-05,2,-0.0237115250864524,-0.0131393012028847,-0.0105722238835678
2017-05,3,0.0273737043390628,-0.0183436138351027,0.0457173181741656
2017-05,4,0.02458139057996,-0.0200427574233402,0.0446241480033002
2017-05,5,0.0380273144370222,0.00659393379596151,0.0314333806410606
2017-06,1,-0.0257670639075487,0.0128687008324908,-0.0386357647400394
2017-06,2,0.0367344314595925,0.0238545522661408,0.0128798791934517
2017-06,3,0.0282032004179747,0.038837463237301,-0.0106342628193263
2017-06,4,0.00213227200147938,0.0285695443040222,-0.0264372723025428
2017-06,5,-0.0226877176920373,0.0161594749474134,-0.0388471926394507
2017-07,1,-0.025449199202291,-0.00449738653839902,-0.020951812663892
2017-07,2,0.00165663829979937,0.00612150070852423,-0.00446486240872486
2017-07,3,0.0091936672808184,0.00720127097901327,0.00199239630180513
2017-07,4,0.028994284500465,0.0151654535352685,0.0138288309651966
2017-07,5,0.0387585613897809,0.0188078655820046,0.0199506958077763
2017-08,1,-0.0276849257624517,-0.0131802477790514,-0.0145046779834002
2017-08,2,-0.0318873690696077,-0.00775451412711165,-0.024132854942496
2017-08,3,-0.0217070358549212,-0.00317378392298619,-0.018533251931935
2017-08,4,-0.00118840894252101,-0.0121702679292894,0.0109818589867684
2017-08,5,0.0281739643096495,-0.00310180627283118,0.0312757705824807
2017-09,1,0.0969650515780024,0.0409381111563814,0.056026940421621
2017-09,2,0.0993166289053129,0.0558359161298845,0.0434807127754284
2017-09,3,0.0568062680395077,0.0499611430460718,0.00684512499343588
2017-09,4,0.0331812681276826,0.0500614354876494,-0.0168801673599667
2017-09,5,0.00626546311653264,0.0247758351564079,-0.0185103720398753
2017-10,1,0.00821198291742426,-0.0073472728520259,0.0155592557694502
2017-10,2,-0.0170768278711882,-0.003738609994726,-0.0133382178764622
2017-10,3,0.0257186631889793,-0.00140109696349538,0.0271197601524747
2017-10,4,0.0100689797162316,0.000401038867665423,0.00966794084856615
2017-10,5,0.0590114721308405,0.0113622081465402,0.0476492639843003
2017-11,1,0.0367845354785483,0.0116814734156147,0.0251030620629336
2017-11,2,0.0308131173555506,0.0116058907757616,0.0192072265797889
2017-11,3,-0.00924318569123165,0.019300700813839,-0.0285438865050707
2017-11,4,0.00917481815951661,0.0236533869175383,-0.0144785687580217
2017-11,5,0.0151301153337948,0.0294154319052327,-0.0142853165714379
2017-12,1,0.0574291283807288,0.0165717102695683,0.0408574181111605
2017-12,2,0.0243517045605032,0.0147468566834137,0.00960484787708957
2017-12,3,-0.0167003299130298,0.0102684311906639,-0.0269687611036937
2017-12,4,-0.0175417456447474,0.0149465917852527,-0.0324883374300001
2017-12,5,0.000892768546030558,0.0157140391032256,-0.014821270557195
2018-01,1,0.0146998970342587,0.0298747853857481,-0.0151748883514893
2018-01,2,0.0401573461539695,0.0246875913256113,0.0154697548283582
2018-01,3,-0.0022195784943087,0.0190611951951892,-0.0212807736894979
2018-01,4,0.025046481882687,0.0235502414921583,0.00149624039052867
2018-01,5,0.0727180227353854,0.0500751681007684,0.022642854634617
2018-02,1,-0.0537470681147689,-0.0463625787314804,-0.00738448938328849
2018-02,2,-0.0170339669783853,-0.0363590527389632,0.0193250857605779
2018-02,3,-0.0273261673769691,-0.0378437514790308,0.0105175841020617
2018-02,4,0.00569757805939326,-0.0480781418814654,0.0537757199408587
2018-02,5,-0.00723859499055429,-0.0483742222033314,0.0411356272127771
2018-03,1,-0.0391263636123109,-0.0125446093919786,-0.0265817542203323
2018-03,2,-0.018868817139114,0.0134817270581276,-0.0323505441972416
2018-03,3,0.0203715828010901,0.00588685292566294,0.0144847298754271
2018-03,4,0.00792148878444616,0.000700022098087987,0.00722146668635817
2018-03,5,-0.0310720957223285,-0.0172813085653215,-0.013790787157007
2018-04,1,-0.0110428916843781,0.000353785368722803,-0.0113966770531009
2018-04,2,0.0157580439905803,0.00965220158889694,0.00610584240168335
2018-04,3,0.0240725672108306,0.016703105477724,0.00736946173310659
2018-04,4,-0.000907635573535058,0.0142377986482865,-0.0151454342218216
2018-04,5,-0.00440373703249606,0.00548668590952063,-0.00989042294201669
2018-05,1,0.06161888933314,0.0201143893849155,0.0415044999482245
2018-05,2,0.051409760010913,0.0296071935227336,0.0218025664881795
2018-05,3,0.0824311779134528,0.0425023111410668,0.039928866772386
2018-05,4,0.0646398465887464,0.0423365858975176,0.0223032606912289
2018-05,5,0.0620501980142889,0.0139911048744062,0.0480590931398827
2018-06,1,-0.0456220092313334,-0.00830854639748785,-0.0373134628338455
2018-06,2,0.0495553649090614,-0.00133708578861415,0.0508924506976755
2018-06,3,0.0203486185841066,0.00392283020186478,0.0164257883822419
2018-06,4,0.0151031850509404,0.00675685260844499,0.00834633244249542
2018-06,5,-0.00505130374760443,0.00594378159163878,-0.0109950853392432
2018-07,1,-0.0218432527359934,-0.00492063355392023,-0.0169226191820731
2018-07,2,-0.0175317053317071,0.00191299753218848,-0.0194447028638956
2018-07,3,-0.0021142806818231,0.00416896764339345,-0.00628324832521655
2018-07,4,0.0121932319978842,0.0179289410934948,-0.00573570909561057
2018-07,5,0.025256251009398,0.0346966127784523,-0.00944036176905428
2018-08,1,0.0138548781347281,0.00300168318706824,0.0108531949476599
2018-08,2,0.0632985825989665,0.0162331216692703,0.0470654609296963
2018-08,3,0.0636660876190929,0.0182509225311241,0.0454151650879688
2018-08,4,0.0913820342126145,0.0229928052284255,0.068389228984189
2018-08,5,0.0611318064908584,0.0176835378889262,0.0434482686019322
2018-09,1,-0.0165362370988532,-0.00200187743113705,-0.0145343596677161
2018-09,2,-0.0311326503647184,-0.00520884664188557,-0.0259238037228329
2018-09,3,-0.038730277502522,-0.0164742309779346,-0.0222560465245874
2018-09,4,-0.030529521972821,-0.0116604058495418,-0.0188691161232792
2018-09,5,0.000332585087833909,0.00190563958996948,-0.00157305450213557
2018-10,1,-0.0920060173702428,-0.0746872821120021,-0.0173187352582407
2018-10,2,-0.104117025239215,-0.0787450961736417,-0.0253719290655731
2018-10,3,-0.106605947320774,-0.0843012507607824,-0.0223046965599918
2018-10,4,-0.121572854030988,-0.0952945330888444,-0.0262783209421439
2018-10,5,-0.0832370746685514,-0.0688247498223846,-0.0144123248461668
2018-11,1,-0.030803079089238,-0.0175124617554592,-0.0132906173337788
2018-11,2,-0.0058684372474872,-0.00922259519641374,0.00335415794892654
2018-11,3,0.0316008765947001,-0.00280477692557764,0.0344056535202778
2018-11,4,0.026476183905491,0.0129263265579912,0.0135498573474998
2018-11,5,-0.0087774099652803,0.0276996380656408,-0.0364770480309211
2018-12,1,-0.12912459889402,-0.101391837210474,-0.0277327616835461
2018-12,2,-0.133585727189908,-0.0940464138546896,-0.0395393133352186
2018-12,3,-0.0797956354844989,-0.0920769147452241,0.0122812792607252
2018-12,4,-0.0833971632347854,-0.106035373912279,0.0226382106774937
2018-12,5,-0.080789734478625,-0.0898865924644531,0.00909685798582802
2019-01,1,0.182797112114014,0.153609862150632,0.029187249963382
2019-01,2,0.141440763513667,0.107482365668829,0.0339583978448381
2019-01,3,0.311725216456699,0.0899740083092091,0.22175120814749
2019-01,4,0.131414205067868,0.109184585494999,0.0222296195728688
2019-01,5,0.0855869718528323,0.0877958241442121,-0.00220885229137982
2019-02,1,0.0226432236325533,0.0305225042097167,-0.00787928057716331
2019-02,2,0.0795856506950755,0.0374800331943486,0.0421056175007269
2019-02,3,0.0649897941105994,0.0388029869164801,0.0261868071941193
2019-02,4,0.0758053231199271,0.0396677484470726,0.0361375746728545
2019-02,5,0.0526385944385599,0.0260503894859658,0.026588204952594
2019-03,1,-0.00190924589797281,0.00303634873775891,-0.00494559463573172
2019-03,2,-0.024318780322358,-0.000246277701146026,-0.024072502621212
2019-03,3,-0.0442763612354336,-0.0125766225235976,-0.031699738711836
2019-03,4,-0.0195580413742895,-0.0115310848203453,-0.0080269565539442
2019-03,5,0.0366622242247589,0.00897156614517012,0.0276906580795887
2019-04,1,-0.00897340644462548,0.00823662145653659,-0.0172100279011621
2019-04,2,0.0242832999540351,0.0131025018972756,0.0111807980567595
2019-04,3,0.0460172115613192,0.0153516632889314,0.0306655482723878
2019-04,4,0.0346988791491897,0.0273951915107913,0.00730368763839837
2019-04,5,0.0535475595412147,0.0334505276059801,0.0200970319352346
2019-05,1,-0.0816395658160839,-0.0697900479035249,-0.011849517912559
2019-05,2,-0.0796495432622214,-0.0601813043781158,-0.0194682388841056
2019-05,3,-0.0646499232823851,-0.0600146053662455,-0.00463531791613965
2019-05,4,-0.0860461698462627,-0.0740623763055172,-0.0119837935407455
2019-05,5,-0.0809017935199931,-0.0570882413949903,-0.0238135521250028
2019-06,1,-0.0217378645965282,0.021301767521534,-0.0430396321180622
2019-06,2,0.0621984086103714,0.0362880920622715,0.0259103165480999
2019-06,3,0.0565729869156683,0.0560113969337267,0.000561589981941606
2019-06,4,0.0660453383161684,0.0701212205746957,-0.00407588225852731
2019-06,5,0.0768670279774375,0.0650330227067651,0.0118340052706724
2019-07,1,-0.0376129771371084,-0.0207867867418427,-0.0168261903952657
2019-07,2,-0.0146792669857148,-0.0113860918725417,-0.00329317511317308
2019-07,3,0.00741090146950298,-0.00803563442569383,0.0154465358951968
2019-07,4,0.0354612694566742,-0.0025232147330532,0.0379844841897274
2019-07,5,0.0358440711966098,0.00576333684897,0.0300807343476398
2019-08,1,-0.0604903727001506,-0.037350879367948,-0.0231394933322025
2019-08,2,-0.0524342916862658,-0.0320503473439041,-0.0203839443423617
2019-08,3,-0.0618671954717445,-0.0488736305477926,-0.0129935649239519
2019-08,4,-0.0483864119227359,-0.0468318481894139,-0.00155456373332193
2019-08,5,-0.0178545837658581,-0.0183500840874246,0.000495500321566485
2019-09,1,-0.0249665225925165,0.0164783520751884,-0.0414448746677049
2019-09,2,0.0145037365429291,0.0259215579144965,-0.0114178213715674
2019-09,3,0.00342803500840103,0.0241575972974109,-0.0207295622890099
2019-09,4,0.00657902411204421,0.021891157097422,-0.0153121329853778
2019-09,5,0.0163069168830891,0.014435554371181,0.00187136251190813
2019-10,1,-0.0261227282579042,-0.00907366928230903,-0.0170490589755952
2019-10,2,-0.0238544502187876,-0.00463884589790949,-0.0192156043208781
2019-10,3,0.0411806655739457,0.00960087290665585,0.0315797926672899
2019-10,4,0.0340739674551683,0.0215812901089688,0.0124926773461995
2019-10,5,0.032730573949715,0.0164306956586662,0.0162998782910489
2019-11,1,-0.0120495128200564,0.00252628396107745,-0.0145757967811339
2019-11,2,0.0298035286579664,0.0258274292291643,0.00397609942880207
2019-11,3,0.0284414236029182,0.0370945416085809,-0.00865311800566268
2019-11,4,0.047424030136222,0.0328563118151377,0.0145677183210843
2019-11,5,0.0484084533512444,0.0316891203560809,0.0167193329951635
2019-12,1,0.0594127136219521,0.0329739648587849,0.0264387487631672
2019-12,2,0.0391053263381869,0.0595246643426247,-0.0204193380044379
2019-12,3,0.0436591815864081,0.0570182449902368,-0.0133590634038287
2019-12,4,0.0266946487571753,0.0374556965952864,-0.0107610478381112
2019-12,5,0.0381367206755469,0.0253478805621452,0.0127888401134017
2020-01,1,0.0401429156959087,0.0108445919297676,0.0292983237661411
2020-01,2,0.0100082747760306,-0.017103357434043,0.0271116322100737
2020-01,3,-0.015319462368612,-0.0383744555974709,0.0230549932288589
2020-01,4,0.00312334432870101,-0.0336384291649159,0.0367617734936169
2020-01,5,0.0314703962414219,-0.0104158491800223,0.0418862454214442
2020-02,1,-0.110668217102875,-0.0541716654110936,-0.0564965516917812
2020-02,2,-0.0596340653486064,-0.0634788153992399,0.00384475005063351
2020-02,3,-0.0373652881758927,-0.0712859195341678,0.0339206313582751
2020-02,4,-0.0756045285071448,-0.0846281477077608,0.00902361920061595
2020-02,5,-0.0659046730085544,-0.0802360949724332,0.0143314219638788
2020-03,1,-0.228314269589453,-0.183449267399529,-0.0448650021899232
2020-03,2,-0.211608256889685,-0.208888315678439,-0.00271994121124552
2020-03,3,-0.20232163080412,-0.225122206482456,0.0228005756783357
2020-03,4,-0.157875041324026,-0.231500348484536,0.0736253071605094
2020-03,5,-0.0915257390585684,-0.148878188619007,0.0573524495604389
2020-04,1,0.301219433895117,0.150844248485,0.150375185410117
2020-04,2,0.194108811559292,0.148156238649543,0.045952572909749
2020-04,3,0.230067961943848,0.141790172601036,0.0882777893428118
2020-04,4,0.147848276031388,0.151724947637504,-0.00387667160611638
2020-04,5,0.141016130805321,0.119727862327193,0.0212882684781278
2020-05,1,0.133797404742984,0.0630523897798446,0.0707450149631396
2020-05,2,0.0671772275258164,0.0590521809682892,0.0081250465575272
2020-05,3,0.0333910562572576,0.0577671368007853,-0.0243760805435277
2020-05,4,0.0801873755309023,0.0568684219143531,0.0233189536165492
2020-05,5,0.0689893553720825,0.0471991928899902,0.0217901624820923
2020-06,1,0.170287708908124,0.0742279820232268,0.0960597268848971
2020-06,2,0.107999270110824,0.0557962646704577,0.0522030054403663
2020-06,3,0.0820082006096327,0.0431060948389265,0.0389021057707062
2020-06,4,0.0433438186722922,0.0373166418977294,0.00602717677456285
2020-06,5,0.0568317036632512,0.0139872721600264,0.0428444315032248
2020-07,1,0.117618801614034,0.0498127379869532,0.0678060636270809
2020-07,2,0.0915617308794645,0.0290188873636657,0.0625428435157988
2020-07,3,0.102021154796549,0.0185578102074914,0.0834633445890573
2020-07,4,0.0559846435510592,0.0276661452173294,0.0283184983337298
2020-07,5,0.0682088504202628,0.055103669985281,0.0131051804349818
2020-08,1,-0.0268579473672134,0.0184083786574132,-0.0452663260246265
2020-08,2,0.0450929641419046,0.0372786227072708,0.00781434143463377
2020-08,3,0.0215476782420482,0.0516779697583306,-0.0301302915162824
2020-08,4,0.0219482418938082,0.0527345209208957,-0.0307862790270875
2020-08,5,0.101812112521078,0.0568925970286312,0.0449195154924467
2020-09,1,-0.0495771635014499,-0.0191581729933102,-0.0304189905081396
2020-09,2,-0.0391906828900252,-0.0228262995540087,-0.0163643833360164
2020-09,3,-0.0227254690849545,-0.0380740776061553,0.0153486085212008
2020-09,4,-0.0231392006894564,-0.0380545604292924,0.014915359739836
2020-09,5,-0.0489341197522933,-0.028143184366117,-0.0207909353861763
2020-10,1,-0.00325457631932131,-0.00681664818377946,0.00356207186445816
2020-10,2,-0.0232348356857568,-0.00908402903594538,-0.0141508066498114
2020-10,3,0.0135071418480799,-0.00170389397308189,0.0152110358211617
2020-10,4,0.00652939878012258,0.016356931928634,-0.00982753314851142
2020-10,5,-0.0188541634009772,-0.0224941105788417,0.00363994717786458
2020-11,1,0.274322448852573,0.1724400085921,0.101882440260473
2020-11,2,0.216953943366184,0.175104079348256,0.041849864017928
2020-11,3,0.247652567035114,0.173931572743098,0.0737209942920166
2020-11,4,0.227765685590352,0.174667597562888,0.0530980880274633
2020-11,5,0.102237795555942,0.122320982681424,-0.0200831871254822
2020-12,1,0.141352460332038,0.0716306476381786,0.0697218126938598
2020-12,2,0.169916045111942,0.0646890800160112,0.105226965095931
2020-12,3,0.130941751604804,0.0675382970537987,0.0634034545510054
2020-12,4,0.118057878923891,0.0683000865290555,0.0497577923948358
2020-12,5,0.0459485929542841,0.0405265700006509,0.00542202295363312
2021-01,1,0.254365430791197,0.159936496383915,0.0944289344072822
2021-01,2,0.207735403655811,0.071377712431101,0.13635769122471
2021-01,3,0.168952013653518,0.0512002763919574,0.11775173726156
2021-01,4,0.0681274951305272,0.041678763547727,0.0264487315828002
2021-01,5,0.00661361457881491,-0.00653955708082702,0.0131531716596419
2021-02,1,0.194158163813248,0.0770652232278963,0.117092940585352
2021-02,2,0.121115959574174,0.0635515303917395,0.0575644291824341
2021-02,3,0.110098431584734,0.0685409460106327,0.0415574855741009
2021-02,4,0.0757592889863199,0.0664337145134243,0.0093255744728956
2021-02,5,0.00956156291043115,0.0313742279450997,-0.0218126650346685
2021-03,1,-0.0082202637459026,0.0203977489460377,-0.0286180126919403
2021-03,2,-0.0309711045211717,0.00121500551387541,-0.0321861100350471
2021-03,3,-0.0318585342195328,0.0156466305288588,-0.0475051647483916
2021-03,4,-0.0188995674855128,0.0162392771738351,-0.0351388446593479
2021-03,5,0.00697720379363315,0.0373721136530926,-0.0303949098594594
2021-04,1,-0.0484476449528198,-0.000848069275377839,-0.0475995756774419
2021-04,2,-0.0456131307057662,0.00165232622086624,-0.0472654569266324
2021-04,3,-0.0162816366363939,0.0190885450650937,-0.0353701817014876
2021-04,4,0.00826948771633679,0.0238345463420004,-0.0155650586256637
2021-04,5,0.0606202993006076,0.045255392490834,0.0153649068097735
2021-05,1,-0.00656775968093053,0.0169849302918215,-0.0235526899727521
2021-05,2,-0.0201441453573424,0.0177848919912951,-0.0379290373486375
2021-05,3,0.0199439203233092,0.0156350704573469,0.00430884986596235
2021-05,4,-0.0171539735427988,0.0156448292705093,-0.0327988028133081
2021-05,5,-0.00665322022726933,0.0105806900109843,-0.0172339102382536
2021-06,1,0.147012519618894,0.0337835841054241,0.11322893551347
2021-06,2,0.0793626464401274,0.0126705956578988,0.0666920507822286
2021-06,3,0.0467870957925119,0.0058578723823308,0.0409292234101811
2021-06,4,0.0792582433438991,0.0150480440097752,0.064210199334124
2021-06,5,0.0684638499739174,0.00782738212996326,0.0606364678439541
2021-07,1,-0.0830691251375492,-0.0429503729483609,-0.0401187521891883
2021-07,2,-0.0552418524758377,-0.0332008302232625,-0.0220410222525753
2021-07,3,-0.0426638442574584,-0.0415844115126046,-0.00107943274485377
2021-07,4,-0.0399630830395001,-0.0346025358833558,-0.00536054715614431
2021-07,5,0.0369098432500955,0.00308779889996979,0.0338220443501257
2021-08,1,-0.0287607585050478,0.0119344818763894,-0.0406952403814373
2021-08,2,0.0387926270893312,0.0193085660233701,0.0194840610659611
2021-08,3,0.0784771176694115,0.0230428553730441,0.0554342622963675
2021-08,4,0.0390859379503658,0.0149818792748351,0.0241040586755307
2021-08,5,0.0469386055608243,0.0187408561727238,0.0281977493881006
2021-09,1,-0.0163583145249615,-0.0216658415225803,0.00530752699761876
2021-09,2,-0.0531127163369283,-0.0238109703397703,-0.029301745997158
2021-09,3,-0.067135953769573,-0.025548409212128,-0.0415875445574451
2021-09,4,-0.0649826590940046,-0.0275435402589022,-0.0374391188351024
2021-09,5,-0.0611083839348756,-0.0366197066637187,-0.0244886772711569
2021-10,1,0.0764470090203021,0.0139246875833044,0.0625223214369977
2021-10,2,0.011095594626578,0.0118169418964173,-0.000721347269839325
2021-10,3,0.0394791925928007,0.0231272539125486,0.0163519386802521
2021-10,4,0.0422493005087724,0.0316097143351984,0.010639586173574
2021-10,5,0.07663550199098,0.061933118983789,0.014702383007191
2021-11,1,-0.117320928102897,-0.0498945807677858,-0.0674263473351111
2021-11,2,-0.118983495972667,-0.0467968634935429,-0.0721866324791239
2021-11,3,-0.0581006257445956,-0.0418180694503289,-0.0162825562942667
2021-11,4,-0.0679055863302851,-0.0412003982346784,-0.0267051880956067
2021-11,5,0.014295136214118,-0.0302762818123748,0.0445714180264928
2021-12,1,-0.0692231572327034,-0.0306650153653502,-0.0385581418673532
2021-12,2,-0.107299667378803,-0.0119810451510029,-0.0953186222277998
2021-12,3,-0.047089448180176,0.000965328340058589,-0.0480547765202346
2021-12,4,-0.00619807545560057,0.0193752280819007,-0.0255733035375013
2021-12,5,0.018747696722351,0.040124718555217,-0.0213770218328661
2022-01,1,-0.11559029153619,-0.0628908834087349,-0.0526994081274549
2022-01,2,-0.100045087487103,-0.0503872019884455,-0.0496578854986579
2022-01,3,-0.133565746644724,-0.0639585516697139,-0.0696071949750098
2022-01,4,-0.129225173057821,-0.0744976110471928,-0.0547275620106283
2022-01,5,-0.0822235360479118,-0.0471738588447429,-0.0350496772031689
2022-02,1,-0.025948046855523,-0.0174921207988521,-0.00845592605667097
2022-02,2,-0.0201793585256155,-0.0161640726122544,-0.00401528591336113
2022-02,3,-0.0169254281334163,-0.00942640950247868,-0.00749901863093763
2022-02,4,-0.022140817891692,0.00689270995157149,-0.0290335278432635
2022-02,5,-0.046021370422526,-0.0155875056973451,-0.0304338647251809
2022-03,1,0.0021564746928819,0.032750738330655,-0.0305942636377731
2022-03,2,0.0180471469578562,0.00539319939409232,0.0126539475637639
2022-03,3,-0.0106784267149328,0.00527085711679311,-0.0159492838317259
2022-03,4,-0.00328790766998061,0.0098284539126303,-0.0131163615826109
2022-03,5,0.0311419451778055,0.0309339816645101,0.000207963513295471
2022-04,1,-0.120876260604111,-0.107269182996117,-0.0136070776079937
2022-04,2,-0.143980935428475,-0.0814551475648321,-0.0625257878636432
2022-04,3,-0.132246693215209,-0.0743442213126666,-0.0579024719025424
2022-04,4,-0.123024107356277,-0.089397598922287,-0.0336265084339902
2022-04,5,-0.123169121851211,-0.0757132030705366,-0.0474559187806739
2022-05,1,-0.0920625997882429,-0.0280642189864659,-0.063998380801777
2022-05,2,-0.0479981103505041,-0.0210714527215484,-0.0269266576289558
2022-05,3,-0.0159134645426184,-0.0124371579047772,-0.00347630663784113
2022-05,4,-0.0389012027042231,-0.00270668411747222,-0.0361945185867508
2022-05,5,-0.0157037163641185,0.00434136390199259,-0.0200450802661111
2022-06,1,-0.0400167001584763,-0.0593100898296299,0.0192933896711537
2022-06,2,-0.0945579304705453,-0.0466728100830309,-0.0478851203875144
2022-06,3,-0.121251763511754,-0.0614999651243704,-0.0597517983873836
2022-06,4,-0.110051500727183,-0.0865700095268936,-0.0234814912002893
2022-06,5,-0.0813240515750571,-0.0831220377313385,0.00179798615628138
2022-07,1,0.0325036936764207,0.041176204260876,-0.00867251058445526
2022-07,2,0.0460495224561699,0.0469990342553414,-0.000949511799171535
2022-07,3,0.10671526045769,0.0534454362341873,0.0532698242235029
2022-07,4,0.112322242846866,0.0943748055562098,0.0179474372906557
2022-07,5,0.108824971248122,0.0805960037582,0.0282289674899225
2022-08,1,0.00659931613948597,-0.00331887387371971,0.00991819001320568
2022-08,2,-0.0132594260067304,-0.00788014365841881,-0.00537928234831154
2022-08,3,0.00950594621734091,-0.0101179671371146,0.0196239133544556
2022-08,4,-0.0128951338915978,-0.0176983864665887,0.0048032525749909
2022-08,5,-0.0556585502710289,-0.0304407803247087,-0.0252177699463202
2022-09,1,-0.19882655513923,-0.12000453884995,-0.0788220162892798
2022-09,2,-0.167360951689274,-0.0851802147543583,-0.0821807369349152
2022-09,3,-0.142064262576512,-0.0783808659941345,-0.0636833965823775
2022-09,4,-0.108471775978972,-0.0948612042053944,-0.0136105717735772
2022-09,5,-0.114806117299227,-0.0833934883483351,-0.031412628950892
2022-10,1,-0.0532016672047697,0.01212813696015,-0.0653298041649197
2022-10,2,0.0307442879464023,0.0289948065649443,0.00174948138145796
2022-10,3,0.0998284028560628,0.0490369486677532,0.0507914541883096
2022-10,4,0.0586403634272139,0.0872497226858868,-0.0286093592586729
2022-10,5,0.0491528242182122,0.0843569741179393,-0.0352041498997271
2022-11,1,-0.0412215549775245,0.00273239078690739,-0.0439539457644319
2022-11,2,0.0264657191282872,0.02764126392776,-0.00117554479947285
2022-11,3,-0.0239389474973689,0.0209510529565672,-0.0448900004539361
2022-11,4,0.0319439869395224,0.0351488095206823,-0.0032048225811599
2022-11,5,0.059782744487801,0.0551658660798192,0.00461687840798178
2022-12,1,-0.133354088968046,-0.048897874778964,-0.0844562141890822
2022-12,2,-0.0642867004269602,-0.0319867841211374,-0.0322999163058228
2022-12,3,-0.0594235790588157,-0.0311148124131044,-0.0283087666457113
2022-12,4,-0.0397476662438588,-0.0523100692259429,0.0125624029820841
2022-12,5,-0.0787421457783484,-0.0494278055491709,-0.0293143402291775
2023-01,1,0.356244303873433,0.166488255435465,0.189756048437968
2023-01,2,0.238515702597528,0.11205875132479,0.126456951272738
2023-01,3,0.176018324122443,0.0867256497408415,0.0892926743816019
2023-01,4,0.148426034216747,0.100843729321316,0.0475823048954308
2023-01,5,0.0970807947075387,0.0620852485996012,0.0349955461079375
2023-02,1,-0.099252849875183,-0.0508774697817536,-0.0483753800934294
2023-02,2,-0.0448053417247333,-0.0335642736569489,-0.0112410680677844
2023-02,3,-0.0612378124129821,-0.0312327465156976,-0.0300050658972844
2023-02,4,-0.0413492396349314,-0.0300192060866915,-0.0113300335482399
2023-02,5,-0.00307631103061138,-0.032170864699017,0.0290945536684056
2023-03,1,-0.122262542837873,-0.0442708507969419,-0.0779916920409313
2023-03,2,-0.0563271568358725,-0.0373417562445056,-0.0189854005913669
2023-03,3,-0.074894426257774,-0.0369765896708702,-0.0379178365869038
2023-03,4,0.0179807818015294,-0.0349898078295822,0.0529705896311116
2023-03,5,0.104362021787224,0.00172830482327848,0.102633716963946
2023-04,1,-0.0545833604255946,-0.00496069056800164,-0.049622669857593
2023-04,2,-0.0664087979872521,-0.00416742065734921,-0.0622413773299029
2023-04,3,-0.0708241963774557,-0.0103563766212017,-0.060467819756254
2023-04,4,-0.0713227795064455,-0.0126816893608931,-0.0586410901455524
2023-04,5,0.00235026033375465,0.0124813437577421,-0.0101310834239875
2023-05,1,0.0285068749307361,-0.0107020198040791,0.0392088947348152
2023-05,2,0.0784005186462119,0.00137482865308929,0.0770256899931226
2023-05,3,0.0924221861287792,-0.0150148446986638,0.107437030827443
2023-05,4,0.08282091430466,-0.0212241141154768,0.104045028420137
2023-05,5,0.0803105053020314,-0.0287582683804884,0.10906877368252
2023-06,1,-0.0349124820384337,0.0285586685779842,-0.063471150616418
2023-06,2,0.022817801929019,0.0301073652981635,-0.00728956336914448
2023-06,3,0.0498157010051086,0.0603497781543612,-0.0105340771492526
2023-06,4,0.0608518000047215,0.0705382519241454,-0.00968645191942388
2023-06,5,0.0587976048684425,0.0685809654719107,-0.00978336060346826
2023-07,1,0.0485966340718015,0.0288299637315756,0.0197666703402259
2023-07,2,0.0194257485140866,0.0306726191004636,-0.0112468705863771
2023-07,3,0.0472037742396482,0.0531018118165055,-0.00589803757685729
2023-07,4,0.0514295689706952,0.0563796235674241,-0.00495005459672888
2023-07,5,0.0383128258155568,0.0341157702966774,0.00419705551887939
2023-08,1,-0.124696324620011,-0.0618133041685751,-0.0628830204514357
2023-08,2,-0.091232614855734,-0.0482961033658656,-0.0429365114898684
2023-08,3,-0.0996020757784279,-0.0496374520145009,-0.049964623763927
2023-08,4,-0.05036570365572,-0.0461886993254296,-0.00417700433029045
2023-08,5,-0.0176539381321423,-0.0201935432728508,0.00253960514070855
2023-09,1,-0.144213031790129,-0.0534236464751715,-0.090789385314958
2023-09,2,-0.106350389490223,-0.0433459180401236,-0.0630044714500999
2023-09,3,-0.101537435125661,-0.0517978742261257,-0.049739560899535
2023-09,4,-0.0741065514554147,-0.0529876905166228,-0.0211188609387919
2023-09,5,-0.0600582661803999,-0.0410088646123366,-0.0190494015680633
2023-10,1,-0.0960990013695904,-0.06993209462103,-0.0261669067485604
2023-10,2,-0.112415993802465,-0.0508769467727019,-0.0615390470297628
2023-10,3,-0.0972861280990869,-0.0566447618794304,-0.0406413662196566
2023-10,4,-0.102429602955315,-0.0546423709012857,-0.0477872320540292
2023-10,5,-0.0162619026322245,-0.0316322176530693,0.0153703150208448
2023-11,1,0.112947823126491,0.0746019758015756,0.0383458473249155
2023-11,2,0.0201100832071571,0.0586432427926144,-0.0385331595854572
2023-11,3,0.122370518721584,0.0742090600250872,0.0481614586964965
2023-11,4,0.126121432113216,0.0876236824816954,0.0384977496315204
2023-11,5,0.121833635101776,0.0806315725795318,0.0412020625222441
2023-12,1,0.117386969836812,0.0484969379088518,0.0688900319279605
2023-12,2,0.0523689196356317,0.0691441636315078,-0.0167752439958761
2023-12,3,0.139536411266357,0.1005826751435,0.0389537361228571
2023-12,4,0.123116904899571,0.0975577050937439,0.0255591998058267
2023-12,5,0.045382372497144,0.0531692307503006,-0.00778685825315661
2024-01,1,-0.0433016311092841,-0.0181012909613999,-0.0252003401478843
2024-01,2,-0.0406731499810918,-0.0122229846328663,-0.0284501653482255
2024-01,3,-0.0529211152443729,-0.0229529271737915,-0.0299681880705813
2024-01,4,-0.0557638157812669,-0.030509895782022,-0.025253919999245
2024-01,5,0.0347117240957107,-0.00177602650342159,0.0364877505991323
2024-02,1,0.0725974116492366,0.0455281290365044,0.0270692826127321
2024-02,2,0.0423306489399203,0.041190651619961,0.00113999731995932
2024-02,3,0.0833769810258116,0.0337608425461253,0.0496161384796863
2024-02,4,0.0201831331246175,0.0381340880588355,-0.017950954934218
2024-02,5,0.0602318476530165,0.0470920417432177,0.0131398059097988
2024-03,1,-0.000653574545943342,0.0123092236508096,-0.0129627981967529
2024-03,2,-0.013762667647748,0.0247478029519331,-0.0385104705996811
2024-03,3,-0.00721310028778645,0.0346287013811072,-0.0418418016688936
2024-03,4,0.00202163908588355,0.0321193745857955,-0.030097735499912
2024-03,5,0.0241945705777527,0.0359761415056365,-0.0117815709278838
2024-04,1,-0.067745615611463,-0.0429752598598375,-0.0247703557516256
2024-04,2,-0.0617839999366512,-0.0354320180604086,-0.0263519818762426
2024-04,3,-0.102013508647873,-0.0575280169589512,-0.0444854916889219
2024-04,4,-0.0742351197790958,-0.0498198624183273,-0.0244152573607685
2024-04,5,-0.0434943010808462,-0.0405209561618648,-0.00297334491898143
2024-05,1,-0.0212291337202418,0.0387711050943891,-0.0600002388146309
2024-05,2,0.0164885634864342,0.0255845585436167,-0.00909599505718258
2024-05,3,0.088865711174177,0.045373977310635,0.043491733863542
2024-05,4,0.0535694830582638,0.0464322061575319,0.00713727690073186
2024-05,5,0.0790826914767941,0.0326123011648302,0.0464703903119639
2024-06,1,-0.0813519538892964,-0.0283882970234157,-0.0529636568658806
2024-06,2,-0.0151297472846156,-0.0196788379141539,0.00454909062953829
2024-06,3,-0.0303006313920686,-0.0166590448869245,-0.0136415865051442
2024-06,4,-0.00856495028086234,-0.0131022841663842,0.00453733388552186
2024-06,5,0.076903026818002,0.00528122901000703,0.071621797807995
2024-07,1,-0.020880464124221,0.00836932200442922,-0.0292497861286503
2024-07,2,0.0350869248984559,0.029441200073535,0.00564572482492094
2024-07,3,0.113602575315579,0.070420682573882,0.0431818927416967
2024-07,4,0.0587523916307779,0.0697021944059071,-0.0109498027751292
2024-07,5,-0.0196958642166875,0.0347328934500682,-0.0544287576667557
2024-08,1,-0.11624483669179,-0.0232677101577463,-0.0929771265340438
2024-08,2,-0.0131798761959355,-0.00700518541408362,-0.00617469078185186
2024-08,3,-0.0470915259202196,-0.012957865984089,-0.0341336599361306
2024-08,4,-0.0147514946889969,-0.00369578300436313,-0.0110557116846337
2024-08,5,0.0139285567916987,0.0268892715478484,-0.0129607147561497
2024-09,1,0.0079200816489487,0.00528142786111645,0.00263865378783226
2024-09,2,0.0218463458347547,0.0200387280293042,0.00180761780545046
2024-09,3,0.0289654826019435,0.0073912484669075,0.021574234135036
2024-09,4,0.0136578574933211,0.0146335442002163,-0.000975686706895263
2024-09,5,0.0306663783765954,0.0180971951243304,0.0125691832522651
2024-10,1,-0.0286466871212359,-0.0107433111193253,-0.0179033760019106
2024-10,2,-0.0100781830213067,-0.00598857330417591,-0.0040896097171308
2024-10,3,-0.00212142390265366,-0.0102148325580071,0.00809340865535341
2024-10,4,-0.00131729789592544,-0.011226344686511,0.0099090467905856
2024-10,5,-0.00399580999013747,-0.010753172157602,0.00675736216746458
2024-11,1,0.234630100348276,0.0284665793488609,0.206163520999415
2024-11,2,0.128876229434998,0.0507771848012778,0.07809904463372
2024-11,3,0.139655229899296,0.0643638955834756,0.0752913343158202
2024-11,4,0.145174594558989,0.0708494744522677,0.0743251201067214
2024-11,5,0.0457447754056383,0.0697482716041477,-0.0240034961985094
2024-12,1,0.153561395697823,0.0117626314759768,0.141798764221846
2024-12,2,0.0970873505574072,-0.0191906695489498,0.116278020106357
2024-12,3,0.0563172429947751,-0.0442473652636224,0.100564608258397
2024-12,4,-0.014843782815573,-0.0570583041277613,0.0422145213121883
2024-12,5,0.0125507586838959,-0.0491095086345949,0.0616602673184908
2025-01,1,-0.0838222205641661,0.00110170512161768,-0.0849239256857837
2025-01,2,0.00137356935033735,0.00944595154295051,-0.00807238219261316
2025-01,3,0.0301753859182821,0.0140066740353813,0.0161687118829008
2025-01,4,0.0249933643607181,0.0256145218736681,-0.000621157512949902
2025-01,5,0.00419825268811018,0.0466056535508791,-0.042407400862769
2025-02,1,-0.155352751645653,-0.0397927137168794,-0.115560037928774
2025-02,2,-0.106146774534786,-0.0223179096884475,-0.0838288648463382
2025-02,3,-0.0698662654232589,-0.026921975701074,-0.042944289722185
2025-02,4,-0.0585427261877917,-0.0360361815899614,-0.0225065445978303
2025-02,5,-0.0343200112423176,-0.00798490050014221,-0.0263351107421754
2025-03,1,-0.150691716418967,-0.0681276215817272,-0.0825640948372394
2025-03,2,-0.0797981264971384,-0.0419278224392381,-0.0378703040579003
2025-03,3,-0.128362136864183,-0.0461713946640787,-0.082190742200104
2025-03,4,-0.107113162047885,-0.0459400241938864,-0.0611731378539983
2025-03,5,-0.0874936849670666,-0.0397439968448629,-0.0477496881222037
2025-04,1,-0.00388570894601129,0.00137773950859959,-0.00526344845461089
2025-04,2,0.000987766462370909,0.0156264002198469,-0.014638633757476
2025-04,3,-0.00541795546224723,-0.00688723132140384,0.00146927585915661
2025-04,4,-0.00561590156015683,-0.0208452327734939,0.015229331213337
2025-04,5,0.00955873385756775,-0.00838201121374993,0.0179407450713177
2025-05,1,0.348514286107529,0.0444066980411221,0.304107588066407
2025-05,2,0.138561985787726,0.0484115989812608,0.090150386806465
2025-05,3,0.111462126727007,0.0446256354886288,0.0668364912383785
2025-05,4,0.0859448034231585,0.0513028565942361,0.0346419468289224
2025-05,5,0.102436513773298,0.0438473306172875,0.0585891831560101
2025-06,1,0.0821150295264068,0.0519717943422582,0.0301432351841487
2025-06,2,0.102410389316473,0.0449176401276983,0.0574927491887751
2025-06,3,0.0826192238441537,0.043712892875225,0.0389063309689286
2025-06,4,0.0904045218478877,0.0429447826688533,0.0474597391790345
2025-06,5,0.0912652541479411,0.0308284539989341,0.060436800149007
2025-07,1,0.0367982742728128,0.0447033871555488,-0.00790511288273602
2025-07,2,0.0226115596524913,0.0267264285573072,-0.00411486890481585
2025-07,3,-0.0359451877619632,0.0248295859605059,-0.0607747737224691
2025-07,4,-0.0112233770710099,0.0135501429843675,-0.0247735200553774
2025-07,5,0.0521410923058516,0.00499561688407444,0.0471454754217771
2025-08,1,0.0102352740912806,0.0202467832916641,-0.0100115092003835
2025-08,2,0.0732005614842496,0.034043388218523,0.0391571732657267
2025-08,3,0.095195701480886,0.0524684400688404,0.0427272614120456
2025-08,4,0.0500868168421643,0.0603883570430433,-0.010301540200879
2025-08,5,0.010764340513828,0.0290101337534361,-0.0182457932396082
2025-09,1,0.145111601715323,0.0467384922639901,0.0983731094513325
2025-09,2,0.0520074274469848,0.034375132632647,0.0176322948143379
2025-09,3,0.05898836466947,0.0416373674585843,0.0173509972108856
2025-09,4,0.0143495291964628,0.0205131934503661,-0.00616366425390336
2025-09,5,0.0690318023200842,0.0214585885004477,0.0475732138196365
2025-10,1,0.0380258467051023,0.0120356779188238,0.0259901687862785
2025-10,2,-0.0242218647005797,0.0105824853712438,-0.0348043500718235
2025-10,3,0.0493059519195272,0.00637083489993965,0.0429351170195876
2025-10,4,0.015486703630043,0.00592640062449694,0.00956030300554606
2025-10,5,0.0555126059389322,0.0019258061859684,0.0535867997529638
2025-11,1,-0.0595263034579437,-0.0494164163878568,-0.0101098870700868
2025-11,2,-0.100533727328036,-0.0191332987306184,-0.0814004285974176
2025-11,3,-0.0887960277074253,0.00360211352022725,-0.0923981412276525
2025-11,4,-0.0605791083477339,0.0168990250511124,-0.0774781333988464
2025-11,5,-0.0227525590680455,0.0143778419505183,-0.0371304010185638
2025-12,1,-0.149679106876464,-0.0489054764399273,-0.100773630436536
2025-12,2,-0.0430411131278511,-0.00854422946987989,-0.0344968836579712
2025-12,3,0.0314758344079708,-0.000546466293945085,0.0320223007019159
2025-12,4,0.0174280359647321,0.00685674490431979,0.0105712910604123
2025-12,5,-0.00671702558793069,0.00540593174318948,-0.0121229573311202
