costat,curcd,datafmt,indfmt,consol,tic,datadate,gvkey,conm,cik,fyr,fyrc,apdedate,fyear,pddur,at,cogs,ni,revt,sale,xrd,xsga
A,USD,STD,INDL,C,AAPL,2013-09-30,001690,APPLE INC,0000320193,9,9,2013-09-28,2013,12,207000.0000,99849.0000,37037.0000,170910.0000,170910.0000,4475.0000,15305.0000
A,USD,STD,INDL,C,AAPL,2015-09-30,001690,APPLE INC,0000320193,9,9,2015-09-26,2015,12,290479.0000,129589.0000,53394.0000,233715.0000,233715.0000,8067.0000,22396.0000
A,USD,STD,INDL,C,AAPL,2014-09-30,001690,APPLE INC,0000320193,9,9,2014-09-27,2014,12,231839.0000,104312.0000,39510.0000,182795.0000,182795.0000,6041.0000,18034.0000
A,USD,STD,INDL,C,AAPL,2010-09-30,001690,APPLE INC,0000320193,9,9,2010-09-25,2010,12,75183.0000,38609.0000,14013.0000,65225.0000,65225.0000,1782.0000,7299.0000
A,USD,STD,INDL,C,AAPL,2011-09-30,001690,APPLE INC,0000320193,9,9,2011-09-24,2011,12,116371.0000,62609.0000,25922.0000,108249.0000,108249.0000,2429.0000,10028.0000
A,USD,STD,INDL,C,AAPL,2012-09-30,001690,APPLE INC,0000320193,9,9,2012-09-29,2012,12,176064.0000,84641.0000,41733.0000,156508.0000,156508.0000,3381.0000,13421.0000
A,USD,STD,INDL,C,AAPL,2016-09-30,001690,APPLE INC,0000320193,9,9,2016-09-24,2016,12,321686.0000,121576.0000,45687.0000,215091.0000,215091.0000,10045.0000,24239.0000
A,USD,STD,INDL,C,AAPL,2017-09-30,001690,APPLE INC,0000320193,9,9,2017-09-30,2017,12,375319.0000,131648.0000,48351.0000,229234.0000,229234.0000,11581.0000,26842.0000
A,USD,STD,INDL,C,AAPL,2018-09-30,001690,APPLE INC,0000320193,9,9,2018-09-29,2018,12,365725.0000,154456.0000,59531.0000,265359.0000,265359.0000,14236.0000,30941.0000
A,USD,STD,INDL,C,AAPL,2019-09-30,001690,APPLE INC,0000320193,9,9,2019-09-28,2019,12,338516.0000,150482.0000,55256.0000,260174.0000,260174.0000,16217.0000,34462.0000
A,USD,STD,INDL,C,AAPL,2020-09-30,001690,APPLE INC,0000320193,9,9,2020-09-26,2020,12,323888.0000,159859.0000,57411.0000,274515.0000,274515.0000,18752.0000,38668.0000
A,USD,STD,INDL,C,AAPL,2021-09-30,001690,APPLE INC,0000320193,9,9,2021-09-25,2021,12,351002.0000,203481.0000,94680.0000,365817.0000,365817.0000,21914.0000,43887.0000
A,USD,STD,INDL,C,AAPL,2022-09-30,001690,APPLE INC,0000320193,9,9,2022-09-24,2022,12,352755.0000,214846.0000,99803.0000,394328.0000,394328.0000,26251.0000,51345.0000
A,USD,STD,INDL,C,AAPL,2023-09-30,001690,APPLE INC,0000320193,9,9,2023-09-30,2023,12,352583.0000,205637.0000,96995.0000,383285.0000,383285.0000,29915.0000,54847.0000
A,USD,STD,INDL,C,AAPL,2024-09-30,001690,APPLE INC,0000320193,9,9,2024-09-28,2024,12,364980.0000,202152.0000,93736.0000,391035.0000,391035.0000,31370.0000,57467.0000
A,USD,STD,INDL,C,AAPL,2025-09-30,001690,APPLE INC,0000320193,9,9,2025-09-27,2025,12,359241.0000,212960.0000,112010.0000,416161.0000,416161.0000,34550.0000,62151.0000
A,USD,STD,INDL,C,AMZN,2017-12-31,064768,AMAZON.COM INC,0001018724,12,12,2017-12-31,2017,12,131310.0000,103103.0000,3033.0000,177866.0000,177866.0000,22620.0000,61612.0000
A,USD,STD,INDL,C,AMZN,2018-12-31,064768,AMAZON.COM INC,0001018724,12,12,2018-12-31,2018,12,162648.0000,127018.0000,10073.0000,232887.0000,232887.0000,28837.0000,81014.0000
A,USD,STD,INDL,C,AMZN,2010-12-31,064768,AMAZON.COM INC,0001018724,12,12,2010-12-31,2010,12,18797.0000,26009.0000,1152.0000,34204.0000,34204.0000,1734.0000,6131.0000
A,USD,STD,INDL,C,AMZN,2011-12-31,064768,AMAZON.COM INC,0001018724,12,12,2011-12-31,2011,12,25278.0000,36288.0000,631.0000,48077.0000,48077.0000,2909.0000,9773.0000
A,USD,STD,INDL,C,AMZN,2012-12-31,064768,AMAZON.COM INC,0001018724,12,12,2012-12-31,2012,12,32555.0000,44271.0000,-39.0000,61093.0000,61093.0000,4564.0000,14287.0000
A,USD,STD,INDL,C,AMZN,2013-12-31,064768,AMAZON.COM INC,0001018724,12,12,2013-12-31,2013,12,40159.0000,51681.0000,274.0000,74452.0000,74452.0000,6565.0000,19412.0000
A,USD,STD,INDL,C,AMZN,2014-12-31,064768,AMAZON.COM INC,0001018724,12,12,2014-12-31,2014,12,54505.0000,59152.0000,-241.0000,88988.0000,88988.0000,9275.0000,25925.0000
A,USD,STD,INDL,C,AMZN,2015-12-31,064768,AMAZON.COM INC,0001018724,12,12,2015-12-31,2015,12,65444.0000,66751.0000,596.0000,107006.0000,107006.0000,12540.0000,32951.0000
A,USD,STD,INDL,C,AMZN,2016-12-31,064768,AMAZON.COM INC,0001018724,12,12,2016-12-31,2016,12,83402.0000,81903.0000,2371.0000,135987.0000,135987.0000,16085.0000,43369.0000
A,USD,STD,INDL,C,AMZN,2019-12-31,064768,AMAZON.COM INC,0001018724,12,12,2019-12-31,2019,12,225248.0000,150386.0000,11588.0000,280522.0000,280522.0000,35931.0000,100244.0000
A,USD,STD,INDL,C,AMZN,2020-12-31,064768,AMAZON.COM INC,0001018724,12,12,2020-12-31,2020,12,321195.0000,217068.0000,21331.0000,386064.0000,386064.0000,42740.0000,129933.0000
A,USD,STD,INDL,C,AMZN,2021-12-31,064768,AMAZON.COM INC,0001018724,12,12,2021-12-31,2021,12,420549.0000,249435.0000,33364.0000,469822.0000,469822.0000,56052.0000,172537.0000
A,USD,STD,INDL,C,AMZN,2022-12-31,064768,AMAZON.COM INC,0001018724,12,12,2022-12-31,2022,12,462675.0000,263907.0000,-2722.0000,513983.0000,513983.0000,73213.0000,211641.0000
A,USD,STD,INDL,C,AMZN,2023-12-31,064768,AMAZON.COM INC,0001018724,12,12,2023-12-31,2023,12,527854.0000,274514.0000,30425.0000,574785.0000,574785.0000,85622.0000,232427.0000
A,USD,STD,INDL,C,AMZN,2024-12-31,064768,AMAZON.COM INC,0001018724,12,12,2024-12-31,2024,12,624894.0000,294221.0000,59248.0000,637959.0000,637959.0000,88544.0000,242315.0000
A,USD,STD,INDL,C,AMZN,2025-12-31,064768,AMAZON.COM INC,0001018724,12,12,2025-12-31,2025,12,818042.0000,314554.0000,77670.0000,716924.0000,716924.0000,108521.0000,273196.0000
A,USD,STD,INDL,C,AVGO,2010-10-31,180711,BROADCOM INC,0001730168,10,10,2010-10-31,2010,12,2157.0000,988.0000,415.0000,2093.0000,2093.0000,280.0000,476.0000
A,USD,STD,INDL,C,AVGO,2011-10-31,180711,BROADCOM INC,0001730168,10,10,2011-10-30,2011,12,2446.0000,1054.0000,552.0000,2336.0000,2336.0000,317.0000,537.0000
A,USD,STD,INDL,C,AVGO,2012-10-31,180711,BROADCOM INC,0001730168,10,10,2012-10-28,2012,12,2862.0000,1086.0000,563.0000,2364.0000,2364.0000,335.0000,534.0000
A,USD,STD,INDL,C,AVGO,2013-10-31,180711,BROADCOM INC,0001730168,10,10,2013-11-03,2013,12,3415.0000,1146.0000,552.0000,2520.0000,2520.0000,398.0000,609.0000
A,USD,STD,INDL,C,AVGO,2014-10-31,180711,BROADCOM INC,0001730168,10,10,2014-11-02,2014,12,10491.0000,1740.0000,263.0000,4269.0000,4269.0000,695.0000,1035.0000
A,USD,STD,INDL,C,AVGO,2015-10-31,180711,BROADCOM INC,0001730168,10,10,2015-11-01,2015,12,10592.0000,2518.0000,1364.0000,6824.0000,6824.0000,1049.0000,1464.0000
A,USD,STD,INDL,C,AVGO,2016-10-31,180711,BROADCOM INC,0001730168,10,10,2016-10-30,2016,12,49966.0000,4892.0000,-1739.0000,13240.0000,13240.0000,3091.0000,3342.0000
A,USD,STD,INDL,C,AVGO,2017-10-31,180711,BROADCOM INC,0001730168,10,10,2017-10-29,2017,12,54418.0000,6141.0000,1692.0000,17636.0000,17636.0000,3292.0000,3982.0000
A,USD,STD,INDL,C,AVGO,2018-10-31,180711,BROADCOM INC,0001730168,10,10,2018-11-04,2018,12,50124.0000,6502.0000,12259.0000,20848.0000,20848.0000,3768.0000,4648.0000
A,USD,STD,INDL,C,AVGO,2019-10-31,180711,BROADCOM INC,0001730168,10,10,2019-11-03,2019,12,67493.0000,6136.0000,2724.0000,22597.0000,22597.0000,4696.0000,6148.0000
A,USD,STD,INDL,C,AVGO,2020-10-31,180711,BROADCOM INC,0001730168,10,10,2020-11-01,2020,12,75933.0000,5925.0000,2960.0000,23888.0000,23888.0000,4968.0000,6430.0000
A,USD,STD,INDL,C,AVGO,2021-10-31,180711,BROADCOM INC,0001730168,10,10,2021-10-31,2021,12,75570.0000,6611.0000,6736.0000,27450.0000,27450.0000,4854.0000,6092.0000
A,USD,STD,INDL,C,AVGO,2022-10-31,180711,BROADCOM INC,0001730168,10,10,2022-10-30,2022,12,73249.0000,7714.0000,11495.0000,33203.0000,33203.0000,4919.0000,6199.0000
A,USD,STD,INDL,C,AVGO,2023-10-31,180711,BROADCOM INC,0001730168,10,10,2023-10-29,2023,12,72861.0000,8770.0000,14082.0000,35819.0000,35819.0000,5253.0000,6593.0000
A,USD,STD,INDL,C,AVGO,2024-10-31,180711,BROADCOM INC,0001730168,10,10,2024-11-03,2024,12,165645.0000,12186.0000,5895.0000,51574.0000,51574.0000,9310.0000,13729.0000
A,USD,STD,INDL,C,AVGO,2025-10-31,180711,BROADCOM INC,0001730168,10,10,2025-11-02,2025,12,171092.0000,13912.0000,23126.0000,63887.0000,63887.0000,10977.0000,14972.0000
A,USD,STD,INDL,C,GOOGL,2010-12-31,160329,ALPHABET INC,0001652044,12,12,2010-12-31,2010,12,57851.0000,9036.0000,8505.0000,29321.0000,29321.0000,3762.0000,8523.0000
A,USD,STD,INDL,C,GOOGL,2011-12-31,160329,ALPHABET INC,0001652044,12,12,2011-12-31,2011,12,72574.0000,11351.0000,9737.0000,37905.0000,37905.0000,5162.0000,12475.0000
A,USD,STD,INDL,C,GOOGL,2012-12-31,160329,ALPHABET INC,0001652044,12,12,2012-12-31,2012,12,93798.0000,17633.0000,10737.0000,50175.0000,50175.0000,6793.0000,16284.0000
A,USD,STD,INDL,C,GOOGL,2013-12-31,160329,ALPHABET INC,0001652044,12,12,2013-12-31,2013,12,110920.0000,21885.0000,12920.0000,59825.0000,59825.0000,7952.0000,19912.0000
A,USD,STD,INDL,C,GOOGL,2014-12-31,160329,ALPHABET INC,0001652044,12,12,2014-12-31,2014,12,131133.0000,20711.0000,14444.0000,66001.0000,66001.0000,9832.0000,23814.0000
A,USD,STD,INDL,C,GOOGL,2015-12-31,160329,ALPHABET INC,0001652044,12,12,2015-12-31,2015,12,147461.0000,23140.0000,16348.0000,74989.0000,74989.0000,12282.0000,27465.0000
A,USD,STD,INDL,C,GOOGL,2016-12-31,160329,ALPHABET INC,0001652044,12,12,2016-12-31,2016,12,167497.0000,29038.0000,19478.0000,90272.0000,90272.0000,13948.0000,31418.0000
A,USD,STD,INDL,C,GOOGL,2017-12-31,160329,ALPHABET INC,0001652044,12,12,2017-12-31,2017,12,197295.0000,38684.0000,12662.0000,110855.0000,110855.0000,16625.0000,36390.0000
A,USD,STD,INDL,C,GOOGL,2018-12-31,160329,ALPHABET INC,0001652044,12,12,2018-12-31,2018,12,232792.0000,50520.0000,30736.0000,136819.0000,136819.0000,21419.0000,45878.0000
A,USD,STD,INDL,C,GOOGL,2019-12-31,160329,ALPHABET INC,0001652044,12,12,2019-12-31,2019,12,275909.0000,60245.0000,34343.0000,161857.0000,161857.0000,26018.0000,53479.0000
A,USD,STD,INDL,C,GOOGL,2020-12-31,160329,ALPHABET INC,0001652044,12,12,2020-12-31,2020,12,319616.0000,71053.0000,40269.0000,182527.0000,182527.0000,27573.0000,56571.0000
A,USD,STD,INDL,C,GOOGL,2021-12-31,160329,ALPHABET INC,0001652044,12,12,2021-12-31,2021,12,359268.0000,98509.0000,76033.0000,257637.0000,257637.0000,31562.0000,67984.0000
A,USD,STD,INDL,C,GOOGL,2022-12-31,160329,ALPHABET INC,0001652044,12,12,2022-12-31,2022,12,365264.0000,110274.0000,59972.0000,282836.0000,282836.0000,39500.0000,82008.0000
A,USD,STD,INDL,C,GOOGL,2023-12-31,160329,ALPHABET INC,0001652044,12,12,2023-12-31,2023,12,402392.0000,120907.0000,73795.0000,307394.0000,307394.0000,45427.0000,88160.0000
A,USD,STD,INDL,C,GOOGL,2024-12-31,160329,ALPHABET INC,0001652044,12,12,2024-12-31,2024,12,450256.0000,130842.0000,100118.0000,350018.0000,350018.0000,49326.0000,90759.0000
A,USD,STD,INDL,C,GOOGL,2025-12-31,160329,ALPHABET INC,0001652044,12,12,2025-12-31,2025,12,595281.0000,141399.0000,132170.0000,402836.0000,402836.0000,61087.0000,106405.0000
A,USD,STD,INDL,C,META,2010-12-31,170617,META PLATFORMS INC,0001326801,12,12,2010-12-31,2010,12,2990.0000,354.0000,606.0000,1974.0000,1974.0000,144.0000,449.0000
A,USD,STD,INDL,C,META,2011-12-31,170617,META PLATFORMS INC,0001326801,12,12,2011-12-31,2011,12,6331.0000,537.0000,1000.0000,3711.0000,3711.0000,388.0000,1095.0000
A,USD,STD,INDL,C,META,2012-12-31,170617,META PLATFORMS INC,0001326801,12,12,2012-12-31,2012,12,15103.0000,720.0000,53.0000,5089.0000,5089.0000,1399.0000,3187.0000
A,USD,STD,INDL,C,META,2013-12-31,170617,META PLATFORMS INC,0001326801,12,12,2013-12-31,2013,12,17895.0000,756.0000,1500.0000,7872.0000,7872.0000,1415.0000,3193.0000
A,USD,STD,INDL,C,META,2014-12-31,170617,META PLATFORMS INC,0001326801,12,12,2014-12-31,2014,12,40184.0000,945.0000,2940.0000,12466.0000,12466.0000,2666.0000,5297.0000
A,USD,STD,INDL,C,META,2015-12-31,170617,META PLATFORMS INC,0001326801,12,12,2015-12-31,2015,12,49407.0000,917.0000,3688.0000,17928.0000,17928.0000,4816.0000,8767.0000
A,USD,STD,INDL,C,META,2016-12-31,170617,META PLATFORMS INC,0001326801,12,12,2016-12-31,2016,12,64961.0000,1448.0000,10217.0000,27638.0000,27638.0000,5919.0000,11356.0000
A,USD,STD,INDL,C,META,2017-12-31,170617,META PLATFORMS INC,0001326801,12,12,2017-12-31,2017,12,84524.0000,2432.0000,15934.0000,40653.0000,40653.0000,7754.0000,14891.0000
A,USD,STD,INDL,C,META,2018-12-31,170617,META PLATFORMS INC,0001326801,12,12,2018-12-31,2018,12,97334.0000,5035.0000,22112.0000,55838.0000,55838.0000,10273.0000,21570.0000
A,USD,STD,INDL,C,META,2019-12-31,170617,META PLATFORMS INC,0001326801,12,12,2019-12-31,2019,12,133376.0000,7028.0000,18485.0000,70697.0000,70697.0000,13600.0000,28941.0000
A,USD,STD,INDL,C,META,2020-12-31,170617,META PLATFORMS INC,0001326801,12,12,2020-12-31,2020,12,159316.0000,9830.0000,29146.0000,85965.0000,85965.0000,18447.0000,36602.0000
A,USD,STD,INDL,C,META,2021-12-31,170617,META PLATFORMS INC,0001326801,12,12,2021-12-31,2021,12,165987.0000,14682.0000,39370.0000,117929.0000,117929.0000,24655.0000,48527.0000
A,USD,STD,INDL,C,META,2022-12-31,170617,META PLATFORMS INC,0001326801,12,12,2022-12-31,2022,12,185727.0000,15068.0000,23200.0000,116609.0000,116609.0000,35338.0000,59300.0000
A,USD,STD,INDL,C,META,2023-12-31,170617,META PLATFORMS INC,0001326801,12,12,2023-12-31,2023,12,229623.0000,14828.0000,39098.0000,134902.0000,134902.0000,38483.0000,56823.0000
A,USD,STD,INDL,C,META,2024-12-31,170617,META PLATFORMS INC,0001326801,12,12,2024-12-31,2024,12,276054.0000,14632.0000,62360.0000,164501.0000,164501.0000,43873.0000,64752.0000
A,USD,STD,INDL,C,META,2025-12-31,170617,META PLATFORMS INC,0001326801,12,12,2025-12-31,2025,12,366021.0000,17559.0000,60458.0000,200966.0000,200966.0000,57372.0000,81515.0000
A,USD,STD,INDL,C,MSFT,2010-06-30,012141,MICROSOFT CORP,0000789019,6,6,2010-06-30,2010,12,86113.0000,9888.0000,18760.0000,62484.0000,62484.0000,8714.0000,25932.0000
A,USD,STD,INDL,C,MSFT,2011-06-30,012141,MICROSOFT CORP,0000789019,6,6,2011-06-30,2011,12,108704.0000,13040.0000,23150.0000,69943.0000,69943.0000,9043.0000,27205.0000
A,USD,STD,INDL,C,MSFT,2012-06-30,012141,MICROSOFT CORP,0000789019,6,6,2012-06-30,2012,12,121271.0000,14772.0000,16978.0000,73723.0000,73723.0000,9811.0000,28237.0000
A,USD,STD,INDL,C,MSFT,2013-06-30,012141,MICROSOFT CORP,0000789019,6,6,2013-06-30,2013,12,142431.0000,16910.0000,21863.0000,77849.0000,77849.0000,10411.0000,30103.0000
A,USD,STD,INDL,C,MSFT,2014-06-30,012141,MICROSOFT CORP,0000789019,6,6,2014-06-30,2014,12,172384.0000,22689.0000,22074.0000,86451.0000,86451.0000,11381.0000,32013.0000
A,USD,STD,INDL,C,MSFT,2015-06-30,012141,MICROSOFT CORP,0000789019,6,6,2015-06-30,2015,12,176223.0000,27638.0000,12193.0000,93580.0000,93580.0000,12046.0000,32370.0000
A,USD,STD,INDL,C,MSFT,2016-06-30,012141,MICROSOFT CORP,0000789019,6,6,2016-06-30,2016,12,193694.0000,26902.0000,16798.0000,85320.0000,85320.0000,11988.0000,31248.0000
A,USD,STD,INDL,C,MSFT,2017-06-30,012141,MICROSOFT CORP,0000789019,6,6,2017-06-30,2017,12,241086.0000,26461.0000,21204.0000,89950.0000,89950.0000,13037.0000,33057.0000
A,USD,STD,INDL,C,MSFT,2018-06-30,012141,MICROSOFT CORP,0000789019,6,6,2018-06-30,2018,12,258848.0000,28453.0000,16571.0000,110360.0000,110360.0000,14726.0000,36949.0000
A,USD,STD,INDL,C,MSFT,2019-06-30,012141,MICROSOFT CORP,0000789019,6,6,2019-06-30,2019,12,286556.0000,31310.0000,39240.0000,125843.0000,125843.0000,16876.0000,39974.0000
A,USD,STD,INDL,C,MSFT,2020-06-30,012141,MICROSOFT CORP,0000789019,6,6,2020-06-30,2020,12,301311.0000,33778.0000,44281.0000,143015.0000,143015.0000,19269.0000,43978.0000
A,USD,STD,INDL,C,MSFT,2021-06-30,012141,MICROSOFT CORP,0000789019,6,6,2021-06-30,2021,12,333779.0000,41332.0000,61271.0000,168088.0000,168088.0000,20716.0000,45940.0000
A,USD,STD,INDL,C,MSFT,2022-06-30,012141,MICROSOFT CORP,0000789019,6,6,2022-06-30,2022,12,364840.0000,48050.0000,72738.0000,198270.0000,198270.0000,24512.0000,52111.0000
A,USD,STD,INDL,C,MSFT,2023-06-30,012141,MICROSOFT CORP,0000789019,6,6,2023-06-30,2023,12,411976.0000,52211.0000,72361.0000,211915.0000,211915.0000,27195.0000,56510.0000
A,USD,STD,INDL,C,MSFT,2024-06-30,012141,MICROSOFT CORP,0000789019,6,6,2024-06-30,2024,12,512163.0000,54114.0000,88136.0000,245122.0000,245122.0000,29510.0000,61575.0000
A,USD,STD,INDL,C,MSFT,2025-06-30,012141,MICROSOFT CORP,0000789019,6,6,2025-06-30,2025,12,619003.0000,59831.0000,101832.0000,281724.0000,281724.0000,32488.0000,65365.0000
A,USD,STD,INDL,C,MSFT,2026-06-30,012141,MICROSOFT CORP,0000789019,6,6,2026-06-30,2026,12,758376.0000,67374.0000,133749.0000,331839.0000,331839.0000,35562.0000,70228.0000
A,USD,STD,INDL,C,NVDA,2010-01-31,117768,NVIDIA CORP,0001045810,1,1,2010-01-31,2009,12,3585.9180,2042.2320,-67.9870,3326.4450,3326.4450,908.8510,952.3040
A,USD,STD,INDL,C,NVDA,2011-01-31,117768,NVIDIA CORP,0001045810,1,1,2011-01-30,2010,12,4495.2460,1953.0260,253.1460,3543.3090,3543.3090,848.8300,1010.6490
A,USD,STD,INDL,C,NVDA,2012-01-31,117768,NVIDIA CORP,0001045810,1,1,2012-01-29,2011,12,5552.9280,1729.9080,581.0900,3997.9300,3997.9300,1002.6050,1387.9360
A,USD,STD,INDL,C,NVDA,2013-01-31,117768,NVIDIA CORP,0001045810,1,1,2013-01-27,2012,12,6412.2450,1827.5810,562.5360,4280.1590,4280.1590,1147.2820,1538.9730
A,USD,STD,INDL,C,NVDA,2014-01-31,117768,NVIDIA CORP,0001045810,1,1,2014-01-26,2013,12,7250.8940,1627.2930,439.9900,4130.1620,4130.1620,1335.8340,1729.9840
A,USD,STD,INDL,C,NVDA,2015-01-31,117768,NVIDIA CORP,0001045810,1,1,2015-01-25,2014,12,7201.3680,1861.9050,630.5870,4681.5070,4681.5070,1359.7250,1840.4880
A,USD,STD,INDL,C,NVDA,2016-01-31,117768,NVIDIA CORP,0001045810,1,1,2016-01-31,2015,12,7370.0000,1982.0000,614.0000,5010.0000,5010.0000,1331.0000,1933.0000
A,USD,STD,INDL,C,NVDA,2017-01-31,117768,NVIDIA CORP,0001045810,1,1,2017-01-29,2016,12,9841.0000,2651.0000,1666.0000,6910.0000,6910.0000,1463.0000,2120.0000
A,USD,STD,INDL,C,NVDA,2018-01-31,117768,NVIDIA CORP,0001045810,1,1,2018-01-28,2017,12,11241.0000,3693.0000,3047.0000,9714.0000,9714.0000,1797.0000,2612.0000
A,USD,STD,INDL,C,NVDA,2019-01-31,117768,NVIDIA CORP,0001045810,1,1,2019-01-27,2018,12,13292.0000,4248.0000,4141.0000,11716.0000,11716.0000,2376.0000,3358.0000
A,USD,STD,INDL,C,NVDA,2020-01-31,117768,NVIDIA CORP,0001045810,1,1,2020-01-26,2019,12,17315.0000,3755.0000,2796.0000,10918.0000,10918.0000,2829.0000,3921.0000
A,USD,STD,INDL,C,NVDA,2021-01-31,117768,NVIDIA CORP,0001045810,1,1,2021-01-31,2020,12,28791.0000,4982.0000,4332.0000,16675.0000,16675.0000,3924.0000,5796.0000
A,USD,STD,INDL,C,NVDA,2022-01-31,117768,NVIDIA CORP,0001045810,1,1,2022-01-30,2021,12,44187.0000,8265.0000,9752.0000,26914.0000,26914.0000,5268.0000,7434.0000
A,USD,STD,INDL,C,NVDA,2023-01-31,117768,NVIDIA CORP,0001045810,1,1,2023-01-29,2022,12,41182.0000,10075.0000,4368.0000,26974.0000,26974.0000,7339.0000,9718.0000
A,USD,STD,INDL,C,NVDA,2024-01-31,117768,NVIDIA CORP,0001045810,1,1,2024-01-28,2023,12,65728.0000,15113.0000,29760.0000,60922.0000,60922.0000,8675.0000,11329.0000
A,USD,STD,INDL,C,NVDA,2025-01-31,117768,NVIDIA CORP,0001045810,1,1,2025-01-26,2024,12,111601.0000,30775.0000,72880.0000,130497.0000,130497.0000,12914.0000,16405.0000
A,USD,STD,INDL,C,NVDA,2026-01-31,117768,NVIDIA CORP,0001045810,1,1,2026-01-25,2025,12,206803.0000,55274.0000,120067.0000,215938.0000,215938.0000,18497.0000,23076.0000
A,USD,STD,INDL,C,TSLA,2010-12-31,184996,TESLA INC,0001318605,12,12,2010-12-31,2010,12,386.0820,75.3900,-154.3280,116.7440,116.7440,92.9960,177.5690
A,USD,STD,INDL,C,TSLA,2011-12-31,184996,TESLA INC,0001318605,12,12,2011-12-31,2011,12,713.4480,125.7280,-254.4110,204.2420,204.2420,208.9810,313.0830
A,USD,STD,INDL,C,TSLA,2012-12-31,184996,TESLA INC,0001318605,12,12,2012-12-31,2012,12,1114.1900,354.3640,-396.2130,413.2560,413.2560,273.9780,424.3500
A,USD,STD,INDL,C,TSLA,2013-12-31,184996,TESLA INC,0001318605,12,12,2013-12-31,2013,12,2416.9300,1451.1510,-74.0140,2013.4960,2013.4960,231.9760,517.5450
A,USD,STD,INDL,C,TSLA,2014-12-31,184996,TESLA INC,0001318605,12,12,2014-12-31,2014,12,5849.2510,2084.7540,-294.0400,3198.3560,3198.3560,464.7000,1068.3600
A,USD,STD,INDL,C,TSLA,2015-12-31,184996,TESLA INC,0001318605,12,12,2015-12-31,2015,12,8092.4600,2699.9320,-888.6630,4046.0250,4046.0250,717.9000,1640.1320
A,USD,STD,INDL,C,TSLA,2016-12-31,184996,TESLA INC,0001318605,12,12,2016-12-31,2016,12,22664.0760,4453.7760,-674.9140,7000.1320,7000.1320,834.4080,2244.8970
A,USD,STD,INDL,C,TSLA,2017-12-31,184996,TESLA INC,0001318605,12,12,2017-12-31,2017,12,28655.3720,7900.2610,-1961.4000,11758.7510,11758.7510,1378.0730,3787.5730
A,USD,STD,INDL,C,TSLA,2018-12-31,184996,TESLA INC,0001318605,12,12,2018-12-31,2018,12,29739.6140,15531.4610,-976.0910,21461.2680,21461.2680,1473.6340,4294.8610
A,USD,STD,INDL,C,TSLA,2019-12-31,184996,TESLA INC,0001318605,12,12,2019-12-31,2019,12,34309.0000,18402.0000,-862.0000,24578.0000,24578.0000,1390.0000,3989.0000
A,USD,STD,INDL,C,TSLA,2020-12-31,184996,TESLA INC,0001318605,12,12,2020-12-31,2020,12,52148.0000,22351.0000,721.0000,31536.0000,31536.0000,1491.0000,4679.0000
A,USD,STD,INDL,C,TSLA,2021-12-31,184996,TESLA INC,0001318605,12,12,2021-12-31,2021,12,62131.0000,37306.0000,5519.0000,53823.0000,53823.0000,2593.0000,7110.0000
A,USD,STD,INDL,C,TSLA,2022-12-31,184996,TESLA INC,0001318605,12,12,2022-12-31,2022,12,82338.0000,56862.0000,12556.0000,81462.0000,81462.0000,3075.0000,7021.0000
A,USD,STD,INDL,C,TSLA,2023-12-31,184996,TESLA INC,0001318605,12,12,2023-12-31,2023,12,106618.0000,74446.0000,14997.0000,96773.0000,96773.0000,3969.0000,8769.0000
A,USD,STD,INDL,C,TSLA,2024-12-31,184996,TESLA INC,0001318605,12,12,2024-12-31,2024,12,122070.0000,74872.0000,7091.0000,97690.0000,97690.0000,4540.0000,9690.0000
A,USD,STD,INDL,C,TSLA,2025-12-31,184996,TESLA INC,0001318605,12,12,2025-12-31,2025,12,137806.0000,71585.0000,3794.0000,94827.0000,94827.0000,6411.0000,12245.0000
