year_month,nontech_vw,tech_vw,nontech_ew,tech_ew,n_nontech,n_tech,spread_vw,spread_ew,spread_vw_alt,vwretd,ai_papers,total_citations,mth,x_raw,x_demean,x_yoy,x_stl,x_roll
2017-01,0.0191804709270923,0.042365577984443,0.0224192590733037,0.0479231098748261,6971,719,0.0231851070573507,0.0255038508015225,0.034481236831528,0.022153,778,28385,1,,,,,
2017-02,0.029552326127994,0.0456813882320454,0.0161981206022431,0.0223172863128492,6509,716,0.0161290621040514,0.00611916571060611,0.0119307065859343,0.032598,1041,53242,2,0.291210544436578,0.0204113174434015,,0.0425201258227768,
2017-03,-0.000940796359969831,0.0196664922241035,0.00471070952892435,0.0178783080168776,6517,711,0.0206072885840734,0.0131675984879533,0.024583054362121,0.002062,1440,94644,3,0.324461323955077,0.194099103297228,,0.216207860698069,
2017-04,0.00751898625970774,0.0215098813994327,0.00317810438799077,0.00498605641748942,6495,709,0.0139908951397249,0.00180795202949866,0.0195648077406706,0.009655,1242,60642,4,-0.147920130076622,-0.0801171729102039,,-0.0623059433565922,
2017-05,0.00392342315679174,0.0397802916971833,-0.0146259705927401,0.0237821513437058,6529,707,0.0358568685403916,0.0384081219364459,0.0386015982481431,0.009335,1449,74822,5,0.154150679827258,-0.0217160624250364,,-0.00390463075307146,
2017-06,0.0166703474421234,-0.0204582474363856,0.025106938290416,0.00822683120567376,6563,705,-0.037128594878509,-0.0168801070847422,-0.0408279195760607,0.009571,1292,99592,6,-0.114682257978135,-0.119862843514231,,-0.104330545679036,
2017-07,0.0184065752109239,0.0377742336032608,0.00866810003045067,0.0114857152974504,6568,706,0.0193676583923369,0.00281761526699975,0.0253134792991946,0.020277,1390,58174,7,0.0731123417821902,0.199946344182804,,0.21547887526579,
2017-08,-0.00365104087200234,0.0279919508365759,-0.00822705609756098,-0.013952029957204,6560,701,0.0316429917085782,-0.00572497385964303,0.03366401099399,0.0016,1295,74198,8,-0.0707930519910995,0.0178637235563872,,0.0339322212181372,
2017-09,0.0276379462342077,0.00671082632188201,0.0449532679222357,0.0522599066091954,6584,696,-0.0209271199123257,0.00730663868695967,-0.0248471044399939,0.023729,1439,47698,9,0.10543773275373,-0.025141280464501,,-0.00907284587848434,
2017-10,0.00891027655705592,0.0633567953619241,0.000130482099143205,0.0186620259365994,6536,694,0.0544465188048682,0.0185315438374562,0.050111686976752,0.019275,1369,69392,10,-0.0498678815989191,-0.24819793880798,,-0.229366729353104,
2017-11,0.0289036108414205,0.0134719629232513,0.0194440539312226,0.0240808528138528,6601,693,-0.0154316479181692,0.00463679888263026,-0.019247231021776,0.027231,1821,81335,11,0.28530525443916,0.385810477997464,,0.404641940741746,
2017-12,0.0153010260537386,0.000122799425566908,0.0142561131582566,0.00597762142857143,7273,700,-0.0151782266281717,-0.00827849172968514,-0.0157849368607992,0.012122,1306,50277,12,-0.332416769891232,-0.220230709113378,,-0.199911318901413,
2018-01,0.0458174570866255,0.0726218188405025,0.0273861305794289,0.0375804297994269,7214,698,0.0268043617538771,0.010194299219998,0.0343817068924118,0.050577,1162,55887,1,-0.11682637242452,0.0576918983855259,0.401171413233465,0.0972824034086477,
2018-02,-0.0475501355451869,-0.00774524704573486,-0.0423774156880458,-0.0178211366906475,6642,695,0.039804888499452,0.0245562789973983,0.0422285584312545,-0.039454,1792,90699,2,0.43318965612302,0.162390429129843,0.543150524919907,0.184499237509218,
2018-03,-0.0149836565308394,-0.0311934198861268,0.00122550724637681,-0.00514560401721664,6693,697,-0.0162097633552873,-0.00637111126359345,-0.0162997913932215,-0.018421,1842,80555,3,0.0275196232803765,-0.102842597377473,0.246208824245206,-0.0807338399766318,
2018-04,0.00591024335408103,-0.00331170970973298,0.00799633039976134,0.00129852,6704,700,-0.00922195306381402,-0.00669781039976134,-0.0103268734908963,0.004679,1830,77400,4,-0.00653597097978587,0.0612669861866326,0.387592983342042,0.0790782157402443,
2018-05,0.0167297987135535,0.0626368975760147,0.0294048090241343,0.0709657385714286,6671,700,0.0459070988624611,0.0415609295472942,0.0468126174293193,0.026146,2344,63798,5,0.247542904861437,0.0716761626091421,0.480985208376221,0.0894875942811071,
2018-06,0.00588757425218435,-0.00389218629961445,0.00212322804406073,0.00199002011494253,6718,696,-0.0097797605517988,-0.000133207929118206,-0.00547150511665665,0.005359,2165,70918,6,-0.0794385102603128,-0.0846190957964086,0.516228956094043,-0.069086797961214,
2018-07,0.0326327967880429,0.0243730459900792,0.00846679298089738,-0.00349906609195402,6753,696,-0.00825975079796367,-0.0119658590728514,-0.0117925614132308,0.031573,2093,61791,7,-0.0338219179905908,0.0930120844100227,0.409294696321262,0.108544615493009,
2018-08,0.0179545808785826,0.0631337698378978,0.0146814514985974,0.0554908663793104,6773,696,0.0451791889593152,0.040809414880713,0.0461676190573903,0.030226,1839,45868,8,-0.129376497841679,-0.0407197222941919,0.350711250470683,-0.024651224632442,
2018-09,0.00144807981242068,-0.00462094864989637,-0.0079666819652839,-0.0244812597402597,6798,693,-0.00606902846231706,-0.0165145777749758,-0.00311010923946689,0.000425,2157,62582,9,0.159496421784835,0.0289174085666044,0.404769939501788,0.0449858431526211,
2018-10,-0.0716055135770412,-0.0833923014144004,-0.0798009152816591,-0.105066524425287,6799,696,-0.0117867878373592,-0.0252656091436283,-0.0173881662861392,-0.074045,2376,61148,10,0.0967000340933799,-0.101630023115681,0.551337855194087,-0.0827988136608049,
2018-11,0.0254607081732686,-0.00721826978129897,-0.000307928238039667,0.012626607703281,6856,701,-0.0326789779545676,0.0129345359413207,-0.0398188807248182,0.018512,2730,74915,11,0.13888320769647,0.239388431254774,0.404915808451397,0.258219893999056,
2018-12,-0.0882312459535275,-0.0817423022812281,-0.0902469833333333,-0.108233507122507,7440,702,0.00648894367229944,-0.0179865237891738,0.00549256949154613,-0.08989,2171,57508,12,-0.229113718300714,-0.11692765752286,0.508218860041915,-0.096608267310895,
2019-01,0.0874452568071339,0.0897045854367718,0.108205756965107,0.169065985507246,7394,690,0.00225932862963785,0.0608602285421396,0.0120620402962779,0.088294,2052,82044,1,-0.0563729635876316,0.118145307222415,0.568672268878804,0.157735812245536,
2019-02,0.0273757892143563,0.0541422511741849,0.0351141669346587,0.0622601615271659,6841,681,0.0267664619598285,0.0271459945925073,0.0280859156856741,0.032724,2147,62142,2,0.0452565915881209,-0.225542635405056,0.180739204343905,-0.20343382702568,
2019-03,0.0067189188984198,0.0372271102255333,-0.00308993470639789,-0.00678310355029586,6846,676,0.0305081913271135,-0.00369316884389797,0.0251561173009325,0.012962,2301,55154,3,0.0692722921565849,-0.0610899285012641,0.222491873220114,-0.0389811711004233,
2019-04,0.0320771795574532,0.0549804224063232,0.0184176136962248,0.0335080119047619,6834,672,0.0229032428488699,0.0150903982085371,0.0263543072048066,0.037893,2939,96256,4,0.244725576383551,0.31252853354997,0.473753420583451,0.330339763103582,
2019-05,-0.0582539294395494,-0.08141441476689,-0.0623851489112962,-0.0758668183161004,6843,677,-0.0231604853273406,-0.0134816694048042,-0.0252742554701376,-0.061679,3450,93957,5,0.160304843606488,-0.0155618986458067,0.386515359328502,0.00224953302615738,
2019-06,0.0648858686624328,0.0769465916673454,0.0472389016369694,0.059930604719764,6903,678,0.0120607230049126,0.0126917030827946,0.00939282046660077,0.067279,3308,75559,6,-0.0420304538818233,-0.0472110394179191,0.423923415706992,-0.0316787415827235,
2019-07,0.00502658797787669,0.0359123632408349,-0.00665152787834903,0.0100682831858407,6905,678,0.0308857752629583,0.0167198110641897,0.0282992937189418,0.011854,2829,58716,7,-0.156420484842014,-0.0295864824414008,0.301324848855568,-0.0140539513584148,
2019-08,-0.0207720108178838,-0.019867439821309,-0.0386179514591159,-0.0432954702380952,6922,672,0.000904570996574823,-0.00467751877897938,-0.00358080056716314,-0.020339,2627,60027,8,-0.0740807816160274,0.0145759939314594,0.35662056508122,0.0306444915932094,
2019-09,0.0157588029593424,0.0138503270548072,0.0194585908630909,-0.00697706222222221,6917,675,-0.0019084759045352,-0.0264356530853132,-0.00609198107108635,0.016033,3386,67964,9,0.25380677300754,0.123227759789309,0.450930916303924,0.139296194375325,
2019-10,0.0170814641678028,0.0313524489981164,0.00614902493513981,0.00790709118086697,6938,669,0.0142709848303136,0.00175806624572716,0.0201990719288145,0.019257,3617,86444,10,0.0659956692590171,-0.132334387950043,0.420226551469561,-0.113503178495167,
2019-11,0.0306815453636418,0.0519264600067977,0.0249148325200919,0.029732354887218,6968,665,0.0212449146431559,0.00481752236712619,0.0209103691044453,0.034999,3456,61454,11,-0.0455331020281502,0.0549721215301543,0.235810241744941,0.0738035842744367,
2019-12,0.0265869924201317,0.0382033195544002,0.0415752101843257,0.0347185514157973,7541,671,0.0116163271342686,-0.00685665876852837,0.0106897656785252,0.028489,2928,69399,12,-0.165792254842745,-0.0536061940648913,0.29913170520291,-0.0332868038529277,
2020-01,-0.0113192066667754,0.0304443021681847,-0.0151105370394999,0.0184876936936937,7519,666,0.0417635088349601,0.0335982307331936,0.0456637201403439,-0.001728,2431,50570,1,-0.186016900765079,-0.0114986299550328,0.169487768025463,0.0280918750680907,
2020-02,-0.0800684359471398,-0.0661977342113798,-0.0691458176504135,-0.0635087578475336,7014,669,0.01387070173576,0.00563705980287983,0.0194270689704011,-0.077918,3508,75427,2,0.36674337917595,0.0959441521827733,0.490974555613292,0.118052960562148,0.11019111512671
2020-03,-0.15658144488505,-0.0901998487600184,-0.205961677966102,-0.177500437967115,6962,669,0.0663815961250319,0.0284612399989866,0.0590871580643747,-0.141733,3423,80651,3,-0.0245287149618871,-0.154890935619736,0.39717354849482,-0.132782178218894,-0.1649464614259
2020-04,0.121466503207959,0.145112685560958,0.144714643424282,0.201390777609682,6927,661,0.0236461823529987,0.0566761341854005,0.0243345206525879,0.129674,3823,91209,4,0.110518095166228,0.178321052332646,0.262966067277496,0.196132281886257,0.08042827005718
2020-05,0.0470118153984432,0.0726562711408249,0.0594018627055091,0.0892610787878788,6934,660,0.0256444557423816,0.0298592160823697,0.0244454687670782,0.053739,3612,61629,5,-0.0567738191595382,-0.232640561411833,0.0458874045114701,-0.214829129739869,-0.244106628591266
2020-06,0.0152412398190478,0.0604895922107606,0.051854463446287,0.0911260258358663,6935,658,0.0452483523917128,0.0392715623895793,0.0430751247583947,0.025299,4992,101833,6,0.323574995512388,0.318394409976292,0.411492853905681,0.333926707811488,0.402292069552478
2020-07,0.0520829333935829,0.0699795707575082,0.0346415250394605,0.0858103596358118,6969,659,0.0178966373639254,0.0511688345963514,0.0198014611693326,0.055532,4246,73662,7,-0.161859267786062,-0.035025265385448,0.406054070961634,-0.019492734302462,-0.12281591410259
2020-08,0.0575925519165606,0.114050012108538,0.0396977755888651,0.0187433237951807,7005,664,0.0564574601919771,-0.0209544517936844,0.060322039503691,0.068442,3365,51904,8,-0.232549400184373,-0.143892624636887,0.247585452393288,-0.127824126975137,-0.141132623034771
2020-09,-0.0290574868990219,-0.0565450600145854,-0.0279517758768178,-0.0271525389221557,7014,668,-0.0274875731155634,0.000799236954662091,-0.0273532733382742,-0.035056,3559,44124,9,0.0560516434313652,-0.0745273697868658,0.0498303228171135,-0.05845893520085,-0.116861999084003
2020-10,-0.0204397311027311,-0.0163804539862799,-0.0011622382165605,0.00308757079646017,7065,678,0.00405927711645121,0.00424980901302067,-0.000629094087588444,-0.020178,5327,95505,10,0.403308621406806,0.204978564197746,0.387143274964902,0.223809773652622,0.36569934748898
2020-11,0.125999642000683,0.107142548405497,0.166384270909091,0.199551751461988,7150,684,-0.018857093595186,0.0331674805528974,-0.0172408044195472,0.123707,4133,50685,11,-0.253784692405267,-0.153279468846962,0.178891684587786,-0.13444800610268,-0.380003145774427
2020-12,0.0409979123999287,0.050653695839544,0.0625169437412096,0.11877147605225,7821,689,0.00965578343961535,0.0562545323110401,0.0105630705607539,0.045048,4237,49324,12,0.0248519361148265,0.13703799689268,0.369535875545357,0.157357387104645,0.267292850459723
2021-01,-0.00211542444040918,0.00938011767182524,0.0597608267816383,0.117191377521614,7886,694,0.0114955421122344,0.0574305507399755,0.00785302480219054,-0.000631,3168,42157,1,-0.290754997692243,-0.116236726882197,0.264797778618193,-0.0766462218590753,-0.171016252099833
2021-02,0.0343579657284136,0.0121236189409566,0.0624187312584574,0.0868912381635581,7390,697,-0.022234346787457,0.0244725069051007,-0.0235796946499465,0.029196,3838,59330,2,0.191850923633329,-0.0789483033598479,0.0899053230755715,-0.0568394949804727,-0.0922491191975885
2021-03,0.0352165123319329,0.00608031448493431,0.016333048170326,-0.0246708863636364,7515,704,-0.0291361978469986,-0.0410039345339624,-0.0326228585012237,0.030573,4508,53556,3,0.160902198592023,0.0305399779341739,0.275336236629482,0.0526487353350156,0.061721067484485
2021-04,0.0431906747394818,0.0582958500194774,0.0188775507246377,-0.000820205923836388,7659,709,0.0151051752799956,-0.0196977566484741,0.0140295843219704,0.04819,4512,54545,4,0.000886918018228045,0.0686898751846465,0.165705059481482,0.0865011047382573,-0.0493099746051147
2021-05,0.0114027517357624,-0.00756384830826961,0.0149105832798254,-0.00596354888268156,7787,716,-0.018966600044032,-0.0208741321625069,-0.0167018762738829,0.007092,4105,49106,5,-0.0945347712913662,-0.270401513543661,0.127944107349654,-0.252590081871697,-0.220840923575277
2021-06,0.00822159714237002,0.0706632181185429,0.0144430732568403,0.0872350249307479,7931,722,0.0624416209761729,0.0727919516739076,0.0613499136313202,0.023422,5503,63618,6,0.293087655173229,0.287907069637134,0.0974567670104953,0.303439367472329,0.2712317118252
2021-07,-0.0011355218293679,0.0371262098932895,-0.0313755077268195,-0.0324912449255751,8024,739,0.0382617317226574,-0.00111573719875556,0.0332348511579929,0.011828,3980,44800,7,-0.324011578781276,-0.197177576380662,-0.064695543984719,-0.181645045297676,-0.254264246572157
2021-08,0.0180799178999411,0.0484674416041909,0.0171165546673226,0.0334074490066225,8131,755,0.0303875237042498,0.0162908943392999,0.0309438609082748,0.027146,3650,34332,8,-0.0865546517019453,0.00210212384554145,0.081299204497709,0.0181706215072914,0.0401452812063494
2021-09,-0.034859188722048,-0.0631575294321807,-0.0261630111016226,-0.0523675652173913,8197,759,-0.0282983407101327,-0.0262045541157688,-0.0254723131650123,-0.042243,4489,35627,9,0.206902792205394,0.0763237789871631,0.232150353271738,0.0923922135731789,0.0632046494610266
2021-10,0.0588019760194112,0.0771934002782419,0.0253403818401937,0.0408480856031128,8260,771,0.0183914242588308,0.0155077037629191,0.0199664736385961,0.064651,5427,46725,10,0.189756535281473,-0.00857352192758704,0.0185982671464053,0.0102576875272895,0.0607224244914024
2021-11,-0.0319233964748628,0.0149015564901588,-0.0424105359539789,-0.0670711825192802,8344,778,0.0468249529650216,-0.0246606465653013,0.0413201633914505,-0.018351,4347,35500,11,-0.221900543074613,-0.121395319516308,0.0504824164770596,-0.102563856772026,-0.253118210000166
2021-12,0.0357492026784346,0.0211221684903194,0.00393173761369717,-0.0237935590851334,9345,787,-0.0146270341881152,-0.0277252966988306,-0.0236998297131619,0.033341,4151,30371,12,-0.046136682935753,0.0660493778421005,-0.0205062025735199,0.086368768054065,0.129481018794213
2022-01,-0.0470091675694987,-0.0860553523642449,-0.0585998148266326,-0.121465248415716,9402,789,-0.0390461847947462,-0.0628654335890835,-0.042607773217886,-0.059822,3363,42265,1,-0.210515836312769,-0.0359975655027232,0.0597329588059541,0.00359293952039863,-0.0480230276954008
2022-02,-0.0134286095687204,-0.0462526844086692,-0.00645919309864063,-0.0268981397984887,8607,794,-0.0328240748399488,-0.020438946699848,-0.0342448826787438,-0.021838,4007,42367,2,0.175209398895875,-0.0955898280973013,0.0430914340685007,-0.0734810197179261,-0.0904408200955242
2022-03,0.0292084292131111,0.0310112302871973,0.0155851168310021,0.00832003684879289,8722,787,0.00180280107408621,-0.00726507998220918,-0.00131265021834319,0.030506,5309,47291,3,0.281360661947526,0.150998441289677,0.163549897424003,0.173107198690518,0.169835317343091
2022-04,-0.0758541201410965,-0.124751656197656,-0.0840724872146119,-0.127999831218274,8760,788,-0.0488975360565598,-0.0439273440036622,-0.0575634618804133,-0.089387,4250,40008,4,-0.222484510665208,-0.154681553498789,-0.0598215312594324,-0.136870323945178,-0.262819408367527
2022-05,0.00475030564942421,-0.017158702467096,-0.0130880490475647,-0.0389746465408805,8767,795,-0.0219090081165202,-0.0258865974933158,-0.0213851371148684,-0.002113,4883,42833,5,0.138840802143196,-0.0370259401090981,0.17355404217513,-0.019214508437134,0.0567028345743408
2022-06,-0.0824991550466403,-0.0841361740179744,-0.0672649181797549,-0.0890417029077118,8812,791,-0.00163701897133411,-0.0217767847279569,-0.00189295138199774,-0.083997,4790,40876,6,-0.0192293736566977,-0.0244099591927936,-0.138762986654797,-0.00887766135759804,-0.095331659369767
2022-07,0.079719086512916,0.111596444113715,0.0625407214803078,0.0859045648854962,8836,786,0.0318773576007991,0.0233638434051884,0.0330291778059805,0.090351,4305,31601,7,-0.106753273543131,0.0200807288574828,0.0784953185833484,0.0356132599404688,0.0138469079804198
2022-08,-0.0299556334692581,-0.0526091636651026,-0.0127234126912181,-0.00979547388535032,8825,785,-0.0226535301958445,0.00292793880586781,-0.0216243148204575,-0.036233,3697,26286,8,-0.152255457925198,-0.0635986823777117,0.0127945123600952,-0.0475301847159617,-0.0335845812581736
2022-09,-0.0839512033025955,-0.115416767380647,-0.0949331805917696,-0.134536123882503,8821,783,-0.0314655640780516,-0.0396029432907336,-0.0330113306170195,-0.091323,4183,32512,9,0.123507012505566,-0.00707200071266456,-0.0706012673397325,0.00899643387335125,-0.0328320601310065
2022-10,0.0841797759859066,0.048487088397719,0.0508625223931237,0.0383125648854962,8842,786,-0.0356926875881876,-0.0125499575076275,-0.0314336724840536,0.077394,6108,37712,10,0.378570694896323,0.180240637687263,0.118212892275118,0.19907184714214,0.237392099207972
2022-11,0.0530120235034931,0.0609485008473913,0.0298727276926543,0.0215599414012739,8876,785,0.00793647734389821,-0.00831278629138043,0.00465722350849155,0.052354,5173,28883,11,-0.166146596335008,-0.065641372776703,0.173966839014723,-0.0468099100324206,-0.146740621260527
2022-12,-0.0481891188207192,-0.0778948785284127,-0.042902153668521,-0.064434737913486,9527,786,-0.0297057597076935,-0.021532584244965,-0.0312644704202003,-0.05712,4087,26262,12,-0.235641586439238,-0.123455525661384,-0.0155380644887622,-0.10313613544942,-0.0859200884681144
2023-01,0.0643097198227224,0.0967314026587042,0.108586174291477,0.201121015364917,9421,781,0.0324216828359818,0.0925348410734403,0.0393321416846135,0.071823,3470,24909,1,-0.163656610623372,0.0108616601866742,0.0313211612006352,0.050452165209796,0.00844080353307675
2023-02,-0.0321664175127424,-0.00378769906051172,-0.0343074806352108,-0.0415320670103093,8753,776,0.0283787184522307,-0.00722458637509847,0.0280625383947067,-0.024666,4549,33489,2,0.270752834629098,-4.63923640783293e-05,0.126864596933858,0.0220624160152969,0.0201760856536195
2023-03,-0.000179418660879621,0.100085196775633,-0.0336149291248861,-0.0319079742930591,8776,778,0.100264615436513,0.00170695483182693,0.103229448039808,0.02395,5838,38947,3,0.249480843844056,0.119118623186207,0.0949847788303888,0.141227380587049,0.109649613015773
2023-04,0.0105884498012702,0.00177348692469717,-0.0045468672332606,-0.0692040643500644,8707,777,-0.00881496287657302,-0.0646571971168038,-0.0113279835877091,0.008976,4674,41527,4,-0.222373036315256,-0.154570079148837,0.0950962531803405,-0.136758849595227,-0.218904699289654
2023-05,-0.0281345678734353,0.0812256347658928,-0.0156022689559806,0.06226125,8678,776,0.109360202639328,0.0778635189559807,0.112966757017844,0.000709,7397,42837,5,0.459059276489064,0.28319253423677,0.415314727526209,0.301003965908734,0.367470836491152
2023-06,0.0679225912346313,0.0602362917536003,0.0506780592210768,0.0456027826649418,8730,773,-0.00768629948103099,-0.00507527655613496,-0.00753261654073203,0.066183,5986,29264,6,-0.211651103175225,-0.21683168871132,0.222892998007682,-0.201299390876125,-0.271864778993333
2023-07,0.0356480700895393,0.0384996619647014,0.0414873271135683,0.0371046848958333,8682,768,0.00285159187516205,-0.00438264221773497,0.00623459168992942,0.035617,5057,25610,7,-0.16864998733266,-0.0418159849320469,0.160996284218152,-0.0262834538490608,-0.0503576238058465
2023-08,-0.0219935832859273,-0.0186932275366767,-0.0483685144475266,-0.0759664706649283,8652,767,0.00330035574925061,-0.0275979562174017,0.00663918747222352,-0.020608,5349,24757,8,0.0561362054512671,0.144792980998754,0.369387947594618,0.160861478660504,0.180404512327988
2023-09,-0.0415176449609817,-0.0604122321281073,-0.0498112992742772,-0.0891034421326398,8681,769,-0.0188945871671256,-0.0392921428583626,-0.0194363360226741,-0.047391,5560,20981,9,0.0386884807133772,-0.0918905325048538,0.284569415802428,-0.075822097918838,-0.112178581901361
2023-10,-0.0327894879934458,-0.0198547407442926,-0.0552267986931102,-0.0915571666666667,8723,768,0.0129347472491531,-0.0363303679735565,0.0130585738949342,-0.028865,7251,25298,10,0.265541282126966,0.0672112249179056,0.171540003033071,0.0860424343727821,0.0847973365706192
2023-11,0.0808481997280191,0.123061379066586,0.074651135911223,0.109013247718383,8741,767,0.0422131793385669,0.0343621118071603,0.0417012339527702,0.092053,6280,20886,11,-0.14376940990935,-0.0432641863510454,0.193917189458729,-0.024432723606763,-0.0999066646247819
2023-12,0.0550806032309787,0.0458773778809138,0.0746411880587484,0.0970237319316689,9396,761,-0.00920322535006494,0.0223825438729205,-0.00766290976908315,0.053603,6077,18875,12,-0.0328588273268888,0.0793272334509647,0.396699948571078,0.0996466236629292,0.13118268538892
2024-01,-0.00295860256137656,0.0329262343260945,-0.0208209179256402,-0.0403424534574468,9333,752,0.035884836887471,-0.0195215355318066,0.0359078880830692,0.00756,5282,19983,1,-0.140206339278278,0.0343119315317686,0.420150219916172,0.0739024365548904,0.030484274289325
2024-02,0.0466376796786753,0.0587380953710187,0.0376711774064324,0.0523304712182062,8737,747,0.0121004156923434,0.0146592938117737,0.0130820763784474,0.050583,7361,23457,2,0.33189097920163,0.0610917522084531,0.481288364488703,0.0832005605878283,0.0784319322756338
2024-03,0.0358313610699138,0.0244392225887727,0.0286867990359233,0.00344340348525468,8713,746,-0.0113921384811412,-0.0252433955506687,-0.0138959956171904,0.03245,7528,19144,3,0.0224336092065087,-0.10792861145134,0.254241129851156,-0.0858198540504986,-0.133061852052599
2024-04,-0.0403362982807664,-0.0438112140035953,-0.0482450763490241,-0.0711759246298789,8710,743,-0.00347491572282896,-0.0229308482808548,-0.0066189581937271,-0.042724,6561,13738,4,-0.137486371920337,-0.0696834147539187,0.339127794246075,-0.0518721852003079,-0.102745934996214
2024-05,0.0321688624144466,0.0809939333260492,0.040571937034917,0.0357492061994609,8735,742,0.0488250709116026,-0.00482273083545608,0.046849801434144,0.046552,7617,17109,5,0.14923956102791,-0.0266271812243845,0.0293080787849203,-0.00881574955242037,0.00515528724554731
2024-06,0.00410930275244692,0.080569900398442,-0.0180427818700114,-0.0130105308310992,8770,746,0.0764605976459951,0.00503225103891222,0.0781703725692838,0.026073,8252,12594,6,0.0800730038183541,0.0748924182822583,0.321032185778499,0.0904247161174538,0.0586971535707222
2024-07,0.036718505681634,-0.0233082825184878,0.0457128312485786,0.0306931282051282,8794,741,-0.0600267882001218,-0.0150197030434504,-0.0588268969888007,0.019877,7245,10778,7,-0.13014401943636,-0.00331001703574618,0.3595381536748,0.0122225140472398,-0.00465770965156775
2024-08,0.0239829526899267,0.0147303308243765,-0.00916173961878829,-0.029297316576087,8814,736,-0.00925262186555012,-0.0201355769572987,-0.0119513846021732,0.02157,6120,8415,8,-0.168749479248412,-0.0800927037009249,0.134652468975121,-0.0640242060391749,-0.0702532455614037
2024-09,0.0180494567488644,0.029213065246569,0.0156420173076923,0.0179081367989056,8840,731,0.0111636084977045,0.0022661194912133,0.0109606177761444,0.02097,6925,7332,9,0.123575955549168,-0.0070030576690634,0.219539943810911,0.00906537691695242,-0.0112655953653764
2024-10,-0.0105714287841524,-0.00487142444656719,-0.00727976825999552,-0.00509907818930041,8954,729,0.00570000433758525,0.00218069007069511,0.00962877085043253,-0.008299,9707,9877,10,0.337709222656688,0.139379165447628,0.291707884340633,0.158210374902504,0.144851371875967
2024-11,0.0697254918349554,0.0456478877391156,0.0560056585903084,0.128310968275862,9080,725,-0.0240776040958398,0.0723053096855537,-0.0165580262612268,0.064859,6925,6800,11,-0.337709222656688,-0.237203999098384,0.0977680715932951,-0.218372536354101,-0.279574096711437
2024-12,-0.0478155958868485,0.0118440606000705,-0.0278899221430721,0.0423671475862069,9967,725,0.059659656486919,0.070257069729279,0.0592010855869836,-0.031581,7951,7058,12,0.138159654845945,0.250345715623798,0.268786553766129,0.270665105835763,0.283460783934765
2025-01,0.0433957399840224,0.00501901422819004,0.0153954666067685,0.0202410165289256,10017,726,-0.0383767257558323,0.00484554992215712,-0.0377866941191032,0.032292,6306,6885,1,-0.231796145796476,-0.0572778749864302,0.17719674724793,-0.0176873699633084,-0.0654604285559202
2025-02,-0.00945702743447816,-0.0339893665329129,-0.0284201335276338,-0.0814915797503467,9264,721,-0.0245323390984347,-0.0530714462227129,-0.0247946286030631,-0.017566,8781,5631,2,0.331088735254989,0.0602895082618122,0.176394503301289,0.0823983166411875,0.0678256967945388
2025-03,-0.0395581838004201,-0.0892715986709892,-0.0491177911500641,-0.101738505586592,9356,716,-0.049713414870569,-0.052620714436528,-0.048729934883385,-0.055123,9346,3558,3,0.0623581479003761,-0.0680040727574729,0.216319041995156,-0.0458953153566313,-0.076504581852157
2025-04,-0.00906397044705506,0.00990931505524746,-0.00261336745019501,0.00377513249651325,9487,717,0.0189732855023025,0.00638849994670825,0.0249701801935337,-0.00361,7429,2679,4,-0.229557184108565,-0.161754226942146,0.124248229806929,-0.143942997388535,-0.181973505309914
2025-05,0.0434874964772229,0.104667942875391,0.0497939024135409,0.146283009817672,9571,713,0.0611804463981682,0.0964891074041309,0.0593481133777587,0.061267,11363,2696,5,0.424971202766201,0.249104460513907,0.39997987154522,0.266915892185871,0.280242518078145
2025-06,0.032099948608366,0.090373925183224,0.0449270265030422,0.0941121184767278,9697,709,0.058273976574858,0.0491850919736856,0.06246337705052,0.049246,9462,1821,6,-0.183078685726915,-0.188259271263011,0.136828181999951,-0.172726973427816,-0.211791680170888
2025-07,0.00575940584265022,0.0515487430665107,0.0239880860160966,0.0240506530898876,9940,712,0.0457893372238605,6.25670737910596e-05,0.037145998793872,0.019791,8284,1419,7,-0.132957833675619,-0.00612383127500504,0.134014367760692,0.00940869980798098,-0.00688931018438066
2025-08,0.0310023760408734,0.0102331194349044,0.0366188757952432,0.0430613746478873,10217,710,-0.0207692566059689,0.00644249885264409,-0.0189747663809309,0.024122,8799,1255,8,0.0603121351300864,0.148968910677573,0.36307598213919,0.165037408339323,0.16759002451227
2025-09,0.0220455530531781,0.0690570825825348,0.0384430868978806,0.0640602098591549,10380,710,0.0470115295293567,0.0256171229612743,0.0455643123435611,0.035626,9800,1397,9,0.107744307013103,-0.0228347062051277,0.347244333603125,-0.00676627161911192,-0.0256890444807687
2025-10,0.00237656142728844,0.0550238765684868,0.00851072426607208,0.0173737150916784,10764,709,0.0526473151411984,0.00886299082560636,0.0523068542035162,0.019284,10801,865,10,0.0972563367598092,-0.101073720449251,0.106791447706247,-0.0822425109943747,-0.113707935505408
2025-11,0.0136225121891736,-0.022977839592398,-0.0229362923224904,-0.0611529814814815,11436,702,-0.0366003517815715,-0.0382166891589911,-0.0419447746880512,0.001997,9205,1518,11,-0.159891907751295,-0.0593866841929901,0.28460876261164,-0.0405552214487077,-0.0668100197171139
2025-12,0.00522529182302246,-0.0070499486723021,-0.016064481894576,-0.0180883671428571,13090,700,-0.0122752404953246,-0.00202388524828113,-0.0114810394551007,0.001297,8077,1176,12,-0.130726298224882,-0.0185402374470287,0.0157228095408133,0.00177915276493579,-0.0208577671279073
